x,y
0.7676418,0.42233622
0.9370327,0.330404
0.27408624,-0.44605267
-0.9787758,-0.20493409
-0.1917711,-0.98143965
0.86673576,0.49876755
0.9999997,-0.00070966396
0.69775456,0.45923105
0.96921337,0.24622235
-0.096043736,-0.84098965
0.02957438,0.009774232
-0.4573394,-0.060813636
-0.0075918315,0.04981537
0.5154603,0.7927326
-0.03652742,0.10509954
0.9546182,-0.29783228
-0.20085447,0.40069532
0.959531,0.2667459
0.8730809,0.33288231
0.96723616,0.2538784
-0.29534513,0.2107245
-0.14739677,-0.98907745
0.0076464675,-0.08710912
-0.052559655,0.12323533
-0.28686872,0.55253774
-0.26317275,0.96474874
0.9999999,0.00032190554
0.33606076,0.47235996
0.64413506,0.7649118
0.072684936,-0.026669266
-0.06177465,0.9429414
0.49125335,0.4999235
0.09516069,-0.75087136
-0.5138779,0.47029936
-0.8972693,-0.4414836
-0.124735504,-0.45454472
-0.50714093,-0.4852325
0.30473626,-0.86473316
-0.40209138,0.11431227
0.025438001,0.0347199
0.61862195,0.48572505
0.99688286,-0.074838966
-0.092522666,0.99571055
-0.9298364,-0.36797315
0.6322648,-0.4821888
0.9846067,0.12311117
0.6771417,0.46756905
1.551898e-05,-0.0039393827
-0.043140925,-0.11316361
0.76793736,0.014327695
0.4889483,0.49987784
0.004734752,0.06864644
-0.807758,0.37557763
0.9999991,0.0009449548
-0.002589143,-0.029280359
0.23079737,0.044828884
0.79776347,-0.40166765
0.9349689,-0.35472977
-0.9993434,0.025667679
0.75466657,-0.4302847
-0.15999465,0.6061643
0.04918258,-0.12779199
-0.49238724,-0.5147319
0.7307181,0.68267936
2.3464509e-06,-0.0015318111
-0.8752945,-0.48359025
0.027736941,-0.013416457
-0.9999766,-0.006846056
-0.5611799,-0.2797207
-0.5340401,-0.073829845
0.9999993,-0.001063785
-0.12499898,0.20269886
-0.9994643,-0.032728463
-0.5577653,-0.8299987
8.627489e-05,0.009288027
0.08799894,-0.9961206
-0.0014702177,0.022095965
-0.03138587,0.09811748
0.99994826,-0.0071911425
-0.5606304,0.19767177
0.9941776,0.10775429
-0.07213026,-0.676643
-0.9934415,0.11434155
-0.42248517,0.6193538
0.15314905,-0.3601311
-0.26268092,0.17949943
0.014667142,0.12021654
-0.787498,-0.07161109
0.005242866,0.072217576
1.816277e-06,0.001347692
-0.9981013,-0.06159344
0.1624945,-0.9867095
0.9998548,-0.012048395
0.4628814,0.0392957
-0.17164284,-0.18151002
-0.107515775,0.9942034
0.00038128454,0.019522786
0.0432112,-0.20333222
-0.000914688,-0.017440854
-0.12905,-0.8291747
-0.9999973,0.00230592
-0.5871929,0.80944705
0.99729764,0.073467225
0.94524413,0.32636407
-4.299225e-05,-0.0037853897
0.6824824,-0.6336755
-0.7855166,0.24145052
-0.0012816859,-0.020635638
0.9999958,-0.0028881181
0.36481747,0.48137894
0.98669404,-0.15416865
0.0011535042,-0.033943683
-0.0001240109,-0.006428364
0.5440244,-0.7135684
0.38023177,0.48544368
0.885989,-0.31782457
-0.16541848,0.36569586
0.105401315,-0.3070698
0.78927106,0.61404496
0.0054206466,0.07342522
-1.7625462e-08,-7.664955e-05
0.79262173,0.60971373
0.94403076,0.32319367
-0.9845266,-0.17523521
0.94966245,-0.31327507
0.4963345,0.49998656
0.33553073,-0.47217566
0.1861898,0.38925976
0.9598588,0.19629033
0.91088796,-0.36637676
-0.55340576,-0.35708293
-0.7030832,-0.7111076
0.9997356,-0.02299442
0.99640876,0.08467339
0.002011832,0.0039252834
0.055856306,0.18515366
0.9806091,-0.19597395
0.9292093,-0.3620082
0.531082,-0.49903297
-0.022103455,0.9997557
-0.42549083,-0.09425395
0.08429704,0.27783278
-0.11181253,-0.8355622
-0.4987734,-0.43712252
0.54343504,0.49810982
-0.93648016,-0.35072055
-0.2850498,-0.5743535
0.64443254,0.7112864
0.85497063,0.45816317
0.91583484,0.40155512
0.31726336,-0.46541092
0.00013697844,-0.011702977
-0.999988,0.004894584
-0.80520535,0.5929961
0.07009861,0.25531313
-0.017467996,-0.018581005
0.00018250095,0.013508058
0.0851082,-0.27904263
-0.93952245,-0.34248737
-0.519953,-0.038913537
-0.15062575,0.17727023
-0.99972045,0.023643631
0.022380045,0.029048737
-0.28127816,0.7490223
-0.28092438,-0.17539382
0.13322148,-0.33981395
0.7859093,0.6183418
-0.048556928,-0.119134836
0.3682465,0.9297282
0.074112006,-0.9972499
0.07895862,0.8562332
0.61597353,0.48636422
-0.12632649,0.22912899
0.96842104,0.22243913
-0.5364244,0.08067943
-0.15810592,0.21395814
0.97389674,0.2151336
-0.99987584,0.01575696
0.99240386,0.0868241
0.06998324,0.15699266
0.9883943,-0.15191023
-0.29758045,0.7374263
-0.799565,-0.60057956
-0.06681487,-0.13605596
0.9673743,-0.25335145
0.9543769,-0.20866638
0.9999999,0.00049293187
-0.2479309,-0.9687777
-4.083614e-08,-0.00011667067
0.96787816,0.23823135
0.0001071394,-0.010350262
-0.0054706554,0.042403765
0.5897228,-0.49188396
0.9128233,0.36262137
2.6989522e-13,5.195334e-07
-0.0034551905,-0.033787068
-0.42369774,-0.6178682
-0.4706441,0.044220373
0.6072996,-0.4883511
-0.37965173,-0.13061683
-0.000292241,-0.00986615
0.34638813,0.044882447
-0.9999979,0.0020290837
-0.28893363,0.17320363
0.46643066,0.49887183
-0.33036888,0.7118682
0.15741599,-0.36419252
0.003968379,0.06286995
0.49309453,-0.49995232
0.014419387,0.29137653
-0.3915151,0.9201717
-0.2650162,0.96424395
6.9012017e-06,0.0026270049
0.94730955,-0.30318385
0.043426115,-0.20459212
-0.53885156,0.7163773
0.13138118,0.99133193
0.9948015,-0.07191278
0.9777741,0.20966122
-0.2365173,-0.9002654
0.20748769,-0.9782376
0.9938925,0.077911586
0.08817337,0.8576933
0.036478,0.8721455
-0.0016789372,-0.02360604
-0.05235983,0.29944035
-0.9999437,0.010616166
-0.8716632,-0.34459728
0.9049345,0.40222135
-0.3003782,0.95382017
-0.8687345,-0.32567954
-0.113739364,0.09536725
-6.473372e-05,-0.004644818
0.4097053,-0.9122179
-0.05235983,-0.29944035
-0.9169011,0.39911443
1.5497982e-07,0.00039367474
0.031417616,-0.17444354
-0.9029537,0.42973787
0.62100536,-0.7838063
-0.15238333,0.9883215
0.553396,-0.77261424
0.8313271,0.37446278
-0.14574349,-0.9893224
-0.9371648,-0.3488871
0.5205691,-0.85381955
0.99974704,-0.021336129
0.009066247,0.8404947
-0.16199061,-0.17980541
0.9969859,0.07758272
0.13459514,-0.34129062
0.99729764,-0.073467225
0.5768198,-0.49406347
-0.00013115875,0.0066109705
0.2481876,-0.8738386
0.6206004,0.48523763
0.9734179,-0.22450489
-0.19144535,0.57217216
0.61584634,0.7338199
-0.6734921,-0.23479886
0.9999929,0.0036887547
0.14598735,0.35309353
-0.9978074,-0.0661844
0.5222456,0.722718
1.0,-2.6307247e-05
0.95804435,-0.20048787
-0.39068115,-0.43104646
0.77402055,-0.4182257
-0.98002326,-0.19888291
0.9878615,-0.14729978
0.87833756,-0.45132872
-0.13786492,-0.3080368
0.7552388,-0.6152873
-0.62960905,-0.7769121
0.9261589,-0.2615121
1.0,-2.9589073e-05
0.6658256,0.47170103
-0.9712519,-0.2380541
-0.26758802,-0.32551247
-0.1272889,0.8298495
-0.9091505,-0.41646776
-0.99990696,0.013640464
0.046361193,-0.2102661
-0.09536065,0.43158585
0.8189946,-0.38502267
0.12112074,-0.32626754
0.9159245,-0.27750108
0.36462897,0.48132595
0.8725295,-0.46114618
-0.11978989,-0.00633826
0.23344602,-0.4230236
0.8813207,0.44617176
0.46971223,0.49908182
0.76892877,-0.6246082
-0.123853356,0.17841564
-0.27666938,-0.6089974
-0.77624327,0.29680365
0.54589844,-0.49788886
0.025085043,-0.15638345
0.6601605,0.47365454
0.008762031,-0.09319473
0.22623876,-0.4183955
-0.29309547,-0.17197116
0.9137553,0.28072506
0.99955016,-0.029991064
-0.19240399,0.18385625
-0.00069054984,-0.0020404113
0.95135564,-0.3080949
-0.09387326,0.041439477
-0.69613653,0.51365644
0.3602728,0.8517681
-0.019248702,0.07811256
0.9999991,-0.0013297313
0.22016722,0.41435927
0.062163994,0.99806595
0.045470797,-0.9989657
-0.29771775,0.22376963
0.85068333,-0.4952285
0.01172972,0.10766677
0.045323875,0.20183864
0.15189561,0.880078
-0.5001892,0.0003280507
0.14551942,0.86379594
0.027842723,0.16452205
0.99936426,-0.035651896
0.9996821,-0.017825948
0.5205691,0.85381955
-0.7145456,0.6995889
-0.46505365,0.56107676
0.6259031,-0.48388883
-0.63220125,0.51395077
-0.12712267,-0.7808604
0.95190734,-0.30638608
0.59677035,0.8024121
-0.038414862,0.10749732
0.98731846,-0.11189599
0.07584494,-0.9971196
-0.52248645,0.44091842
0.9924739,0.11614023
-0.9997023,0.024400141
0.6506535,-0.4767636
-0.12689525,-0.23788798
0.5186768,0.49965104
0.5698886,-0.4950915
0.03804814,-0.19131252
0.98386467,-0.16963156
0.3370717,-0.85767794
-0.5593132,-0.3006573
0.00022684304,-0.0009853507
-0.11353067,-0.8349471
0.002204985,-0.04690547
0.9999946,0.0029510038
0.08919364,0.7492165
-0.27760512,0.96069527
0.33499715,0.47198948
-0.27795607,-0.6050451
-0.011421345,0.060796317
0.17756172,-0.38214335
0.95381784,0.3003856
-0.002384491,-0.028106738
-0.21058342,0.27315825
0.0061773728,0.07835313
-0.95345634,0.30153102
0.2988137,-0.45773798
-0.27047715,-0.47954008
0.40400758,-0.49069893
-0.26909342,-0.13176423
0.9803324,-0.13885537
0.97579545,-0.1536837
0.35260302,-0.935773
-0.99999726,0.0023479357
0.997447,0.067739695
-0.3114799,0.72697306
0.9997622,0.015420202
-0.099899344,0.13574468
0.21088895,-0.043985683
0.04279309,0.20239033
0.9999166,0.0091318395
0.8301815,-0.3754733
0.05300333,0.22404012
-0.0798232,-0.020428685
0.8093821,-0.55275446
-0.019704137,-0.011784877
0.89142203,-0.44366288
-0.0009168022,-0.017460952
0.82441056,0.38047048
-0.3438244,-0.7004274
-0.83140594,0.55566555
0.9932528,0.115968935
0.41870326,0.49334657
0.018806659,-0.1358417
-0.9963251,-0.06079932
-0.17229989,-0.37437257
-0.9911671,-0.13261862
0.6757679,0.68718266
-0.1249,0.20049052
-0.44329387,-0.5925553
0.9985962,0.05296786
0.9503489,0.3111863
0.87044185,0.33581665
-0.86280525,-0.5055365
0.9968852,-0.07886635
0.9663913,-0.25707546
-0.999635,0.027016116
0.25056255,0.9681004
0.7301192,-0.6833198
-0.01733502,-0.07431726
2.9760524e-05,-0.0054552397
-0.29851177,-0.17026979
-0.008108355,-0.008652864
-0.106596075,-0.0703913
-0.91812605,0.3962885
-0.24135521,-0.30288106
0.3010542,0.953607
0.23202853,-0.4221271
0.21709573,0.41226834
0.9978627,0.061987683
0.23859724,0.426226
-0.10771384,0.14691173
0.5424827,-0.84006697
-0.15844665,-0.17907737
0.041371696,0.0053523756
1.019123e-05,-0.0031923545
0.9929414,-0.11629148
-0.41839695,-0.10069485
0.20523806,-0.40387547
-0.1284507,-0.35109082
0.06760101,0.019068837
-0.09468642,0.15508059
0.011903071,0.0129713
0.013151104,-0.113921694
0.94136447,0.31936458
0.8380743,-0.3683826
0.9715465,0.23684894
0.2303233,0.9731142
0.6172978,-0.48604652
0.6065098,-0.6824521
-0.06443612,-0.08371589
-0.4891959,0.017712196
-0.39028138,0.6558785
-0.27584285,0.5282774
0.7764345,0.5922087
-0.4650348,-0.8852924
-0.025710871,0.08949569
0.9876002,-0.00019687333
-0.0036291834,0.034619566
-7.7864555e-05,-0.0050940835
-0.117742896,0.16639125
0.7069594,0.6622385
0.1611456,-0.3676652
-0.99980825,-0.019582087
0.99989116,-0.010433165
0.7943567,-0.40417093
-0.1032459,-0.06138537
0.7803916,-0.58771163
0.8771804,-0.48016092
0.9989624,0.045542635
-0.09125338,-0.036864806
-0.15564471,0.7616744
0.0007177627,-0.026781477
-0.11864044,-0.4500819
-0.18723293,-0.9161503
0.4929719,-0.87004524
-0.19726306,0.1841551
-0.286733,0.39545092
0.81072116,0.5854325
0.41456804,0.9100183
-0.33471632,-0.4374429
-0.9872493,-0.15918171
0.34180424,-0.9397712
-0.34369588,-0.1516266
-0.7498775,-0.08978641
-0.56463045,0.82534385
0.003051985,0.055160407
-0.27018714,-0.17795809
0.9870248,-0.14347005
0.0827122,0.11527967
-0.6464198,0.5930076
-0.62386954,-0.2950211
0.78057396,-0.6250635
-0.10966935,-0.16281638
-0.13353471,-0.1824427
-0.7959945,-0.3831699
-0.99993545,-0.011363424
-0.87703055,0.48043466
0.83747816,0.5464708
0.257409,-0.4372066
-0.990133,-0.14013104
-0.11228951,0.08942613
-0.018155565,0.01161765
0.0038266391,0.061741363
0.44720864,0.8230588
-0.16111386,0.012047998
-0.5124274,-0.023100222
0.9431667,0.2315239
0.935362,0.3146918
0.004665184,-0.006353183
0.9924243,-0.12285751
0.733552,-0.6372777
-0.9733738,-0.22922361
0.051517405,0.0012834485
0.9692997,0.17250454
-0.0255827,-0.01188276
-0.027992923,-0.8600967
-0.65051043,0.75949734
-0.42279765,-0.5506337
-0.013615995,0.06618968
-0.99935985,0.035775337
0.5476312,-0.4977261
0.14597696,-0.3530831
-0.08883935,-0.80233115
0.52941495,-0.499134
0.4190319,-0.041878574
0.94636863,0.22528878
0.8431048,0.5069175
0.9999799,-0.006338
0.5586871,-0.032277405
0.09475772,-0.031269066
0.9096402,-0.4067941
0.063470215,-0.17109877
0.954416,-0.20858116
-0.56839335,0.82275695
0.0009798133,0.0006820607
-0.16203557,-0.1798143
0.016079545,0.01059684
0.006321308,-0.07925496
0.99896574,0.032143172
-0.5606188,0.28704163
-0.05484295,-0.125467
-0.26775602,0.5257997
-0.2456215,-0.18223685
0.75599194,0.65458095
0.9908707,0.09511028
-0.12480106,-0.1982819
0.08101319,-0.8772304
0.2917404,0.7726258
0.018470088,-0.010815441
-0.5926946,0.8054273
0.040031265,0.19603255
0.6726862,0.022578785
0.31726336,0.46541092
0.23598847,-0.77259237
-0.035721973,-0.6983353
0.034984525,0.23885073
0.11598121,-0.03486405
0.55294234,0.4971892
-0.23010398,-0.69160575
0.9425706,0.31617597
1.0,2.6307247e-05
-0.3256794,0.7157192
0.35736358,0.47922316
0.93350035,0.33931184
0.9999339,-0.011498047
0.9999565,-0.0065951524
0.038606502,0.19265524
0.99999434,0.00335684
0.9706927,0.23556022
-0.4422862,0.59392107
0.017949464,0.13276777
0.95242214,-0.21287137
0.8593436,0.34766677
0.012320712,0.1103128
0.010529419,-0.1020713
-0.956902,0.290411
0.999997,0.0017314414
-0.30241048,-0.29263285
-0.07559627,-0.14280325
0.21641806,0.9763008
0.076751225,-0.9970503
6.0474107e-05,-4.7096033e-05
-0.7170063,-0.1639237
-0.17717065,-0.23674455
-0.5260415,0.8504589
-0.00041686415,0.0014739997
-0.07422539,-0.8478643
0.7923117,-0.5737805
0.44624212,0.4971017
0.4963345,-0.49998656
-0.0009074091,0.017371481
-0.99923563,0.039091367
0.6625366,0.47284442
0.7227348,0.69112545
0.0009519173,0.030838469
0.99435186,-0.10613399
0.9826989,0.1303908
-0.52863437,0.059435878
0.22602478,0.87630326
0.74897903,-0.43360057
0.97097576,0.239178
-0.9454155,0.32586738
0.60006213,0.48988527
-0.26501122,-0.63726825
-0.06829795,0.015544172
-0.9953357,0.09647196
0.8949596,-0.3066054
8.106185e-06,0.0028471248
1.0,0.00017753444
0.47103208,0.8558883
0.9768761,0.20266016
0.4501875,-0.892934
-0.5189617,-0.036736835
0.42961392,0.9030127
-0.0001564823,-0.0072207972
-0.03135257,-0.0980699
-0.56170046,0.21296565
-0.10032245,-0.15816826
-0.00284191,-0.030666374
-0.31193712,0.7266199
0.15573363,0.76417017
-0.34664756,0.6979506
0.9999773,0.0047677686
-0.791197,0.12453981
0.103366144,0.3044365
-0.45865822,0.88861275
0.418839,0.49336892
1.7901719e-05,-0.0042310045
-0.9944351,-0.1053511
0.48599076,0.8067169
-0.9052811,0.42481297
0.29344708,0.8668771
0.23697749,0.87516236
0.35676518,0.84518224
-9.041127e-06,0.0017359836
0.0018525635,0.04300153
-0.0022273548,0.027170332
0.99999994,-0.00021017724
0.7996934,-0.60040855
0.0023178384,0.048088107
0.009686193,-0.097940646
0.89344245,-0.42434978
0.8526023,0.52256036
0.998345,0.054553885
0.9408171,0.32079953
-0.80430275,-0.59421974
-0.45248264,0.06644648
-0.41708827,-0.10184757
0.91933566,0.27231896
-0.99612635,0.08793334
0.9996247,-0.027394064
0.99992007,-0.011995833
-0.99852866,0.054226175
0.13817458,-0.88002235
-0.27720034,-0.17633128
-0.52526885,0.051144518
-0.13149701,0.35305512
-0.31361803,-0.9495492
-0.4587773,0.5705729
0.78059304,0.41384485
5.304413e-07,-0.0007283138
0.984141,0.1773881
-0.50790256,-0.86141455
0.1797934,-0.38401526
0.9892732,-0.13054554
-0.31361803,0.9495492
0.9994709,-0.03252682
-0.98008645,0.19857132
0.9999964,-0.0018943552
0.91676956,-0.27623022
3.4731216e-05,0.0058932174
-0.0422957,0.112183444
1.0,-6.5768116e-05
-0.0022048173,0.027033303
-0.99897265,0.045317568
0.9475336,0.30265024
0.0014044683,-0.03744991
0.8375362,0.008719478
-0.7316544,-0.13399553
0.9986488,0.036733612
0.026219267,-0.15978679
1.0,-6.578274e-06
0.86927617,0.33709806
-0.388622,0.92139727
-0.3627511,0.9318861
0.0005956836,0.02439936
-0.034431987,-0.10233766
0.9296758,0.34853423
-0.9876626,0.15659694
-0.00452787,-0.03862432
0.9303199,0.3667491
0.082962446,0.27582544
0.9376051,0.34770206
-0.3663319,0.67989355
0.002934962,0.05409573
-0.331322,-0.15754639
-0.053101193,-0.06709712
-0.49740288,-0.5051347
0.43771932,0.040838063
0.7261464,0.6431003
0.99999964,-0.00079783896
0.97196937,0.20981905
0.36387163,0.9314491
0.0405194,-0.21857472
-0.47270718,0.04148099
-0.204004,-0.18441716
0.8750128,-0.33070442
-0.8092667,-0.58744144
0.9919038,0.1245116
0.79255116,0.59601563
0.8820813,-0.4448442
-0.11415486,0.16485074
0.18256879,0.3863126
0.96479946,-0.26298657
-0.17657189,0.18222734
-9.188028e-05,-7.190314e-05
-0.04457282,0.11479318
-0.042495776,-0.99909663
-0.10595156,-0.010273571
-0.101719044,0.6561236
0.40876237,-0.8838355
-0.16652304,-0.18065596
0.24200867,-0.87458783
0.32500094,0.4683752
0.9910738,0.09405608
-0.5378723,0.08501366
0.9999204,-0.012613448
-0.13585988,-0.18552573
0.16020788,-0.040319853
-0.37948155,-0.13073054
0.40597913,-0.8379962
0.99999297,-0.0033568356
-0.3044215,-0.35338768
0.99565375,0.09313242
-0.9954753,-0.095020786
-4.083614e-08,0.00011667067
0.0049335174,-0.07006552
-0.26696828,-0.6331713
0.31708828,-0.46534213
0.7202665,0.44886822
-0.52782553,0.37448528
0.27615935,0.4470966
-0.34444907,0.938805
0.9723232,-0.23363996
-0.25113276,0.66216093
-0.46493924,0.56125313
-0.9988787,-0.047342286
-0.060322244,0.13053244
-1.0,9.6787924e-05
-0.31366122,-0.16491793
0.98239976,0.13149329
1.0,-0.000105182204
-0.036277898,-0.10477631
-0.0012816859,0.020635638
4.6473806e-06,0.0021557733
-0.060119476,-0.13035189
-0.979001,0.14164321
0.9863356,-0.15621544
0.7325531,0.44262743
-0.9978558,-0.065451264
0.00015740834,-0.00012433004
0.026164435,-0.15962411
0.51758426,-0.7916704
0.96180457,0.19166778
0.31038937,-0.9506095
0.9999997,0.00079420186
-0.99737173,-0.07245411
-0.96091664,0.2768379
-0.23327705,0.77940464
-0.8487319,0.52882344
0.87469846,0.33106053
-0.32509336,0.7161957
0.99178517,-0.12791456
-0.06981834,-0.8491654
0.8433361,-0.36348358
-0.13077858,0.2746047
0.63065124,0.7760664
-0.367577,-0.6787029
0.9512162,-0.3023241
0.99999887,-0.0010616527
0.9991019,-0.037896078
0.011178343,-0.009542294
0.99982035,-0.018955022
-0.009893117,-0.05669621
0.89361334,0.44883758
0.82186013,-0.38263047
-0.9942223,0.1073408
0.3120124,0.950078
0.54585826,-0.03330025
0.98086363,-0.13700433
-0.9941301,0.10819146
0.8949596,0.3066054
0.93077505,0.2538363
-0.07125889,-0.1395679
0.997396,-0.07211944
0.02795281,0.25960633
-0.6213096,0.44255844
-0.1122043,-0.934435
0.59627104,-0.8027832
0.841467,0.5403085
0.015362082,0.23938623
0.99240386,-0.0868241
0.9806074,0.19598253
0.28159723,-0.86895156
0.99719656,0.07482704
0.29470462,-0.9555884
-0.68806547,-0.72564864
-0.97020286,-0.24229406
0.98606724,0.11721198
0.7800763,-0.5880722
-0.017907823,0.07547758
-0.50124764,0.49749056
0.98368716,0.12667572
0.023177285,0.15046626
0.9996462,-0.026081523
-0.016507113,-0.07260068
0.44398546,-0.04046846
0.9361551,0.24447647
-0.19275314,0.3945375
0.56885755,-0.49523595
0.786406,-0.5807561
0.90097445,-0.43387207
0.91758794,0.27499148
-0.98626596,0.1651648
-0.07115681,-0.13948952
0.9902876,-0.13903393
-0.9912183,-0.1322357
0.71007943,0.70412153
-0.98247594,0.18638946
0.62560475,-0.48396638
0.02795281,-0.25960633
0.64252615,-0.47925597
0.028459415,0.9995949
-0.003407091,-0.033553146
-0.012596321,0.010440266
-0.31659648,-0.7229869
-0.84194016,-0.53957087
0.08193816,-0.9966374
-0.5605217,-0.19640891
-0.32080573,-0.43742886
0.16627607,-0.87988305
0.86622787,-0.47148314
0.9820667,0.1327091
-0.98247594,-0.18638946
-0.44333982,-0.07649755
6.140609e-05,-0.007835964
0.32193172,-0.46721697
0.9781731,0.20779172
-0.056313466,0.0010760139
-0.8977663,-0.44047213
-0.27444723,-0.48810244
0.2715104,-0.9624355
0.99999756,-0.0022175242
-0.96403426,0.26577792
-0.049028676,-0.11963119
-0.0012680002,-0.02052553
0.9995508,-0.021189308
-0.46350768,-0.05334233
-0.58830935,-0.80863595
0.2438282,0.42939028
0.7802102,0.5879191
0.995869,0.064139985
0.91985214,0.38420153
-0.6143728,0.7890159
0.002451924,0.04945616
-0.9892156,0.14646682
0.885989,0.31782457
0.99993646,0.011055242
0.21641806,-0.9763008
-0.981697,0.19044948
0.10510714,-0.03311343
0.9797741,-0.19616532
0.7069594,-0.6622385
0.94263166,-0.33383468
0.9962836,-0.081702694
0.3013069,0.9535272
-0.00863319,0.053050213
0.63119054,0.66802007
-4.6555975e-05,-0.0039391383
0.75197065,-0.6187018
-0.5165123,0.44008592
1.0,0.0
-0.8349637,-0.55030507
0.60724103,-0.73961556
-0.36316237,-0.8436506
0.00024312263,-0.0155904945
0.9954479,-0.09530785
0.47773463,-0.85254735
-0.14360742,0.36088678
0.0020233956,-0.04493664
0.7562222,0.42936018
-0.9934415,-0.11434155
-0.41870072,0.90812427
0.25143903,-0.04540281
-0.039914876,-0.10934604
0.9999888,0.0047304924
0.27840284,-0.9604644
-0.17485896,0.80977064
0.99042296,0.13093527
-0.54883236,0.36364466
0.0981188,0.29747522
0.06817681,0.25204906
0.6771417,-0.46756905
-0.99999857,0.0016976768
-0.16232197,0.98673785
0.008145803,-0.08988576
-0.0030761722,0.031895667
0.1355956,0.34235865
-0.46419632,-0.4292159
0.8756576,0.48293245
-0.16673665,-0.3674577
-0.45624387,0.8898548
0.7486749,-0.62210816
0.56128085,-0.49623045
3.1247482e-09,-5.5899447e-05
-0.006479328,0.046087418
0.013669938,-0.015363528
-0.40433884,-0.40868652
0.9983112,0.058092456
-0.047841277,0.059489746
-0.3639763,0.38968924
-0.5201836,0.4552622
-0.31402564,-0.4371724
0.9999979,-0.0014440591
0.764601,-0.56410956
-0.5447453,-0.8386015
0.634838,0.72048277
-0.9439312,-0.23442775
0.99058914,0.12980044
-0.99939483,0.034785066
-0.013047017,-0.3395715
0.24777095,-0.87389064
0.99997604,-0.00692572
0.9526363,0.28799027
0.26799652,0.44291577
0.6037841,0.79714787
0.29525143,-0.86654544
0.044709705,0.20666578
2.5522972e-06,-0.001597589
-0.78955996,0.09412705
-0.2456215,0.18223685
-0.20002541,0.18428381
1.2099002e-05,0.0034783408
-0.22650138,-0.9740108
-0.91314656,0.4076314
0.9571573,0.20250237
-0.36619285,-0.13917609
-0.20613232,0.40486172
0.51629126,0.85641307
0.6638238,-0.4724
0.030587919,-0.87127805
0.92205876,-0.343979
-0.01779715,-0.07525507
0.9825538,0.0003278915
0.97531533,0.22081673
0.86622787,0.47148314
0.0011263798,-0.033542674
-0.7870885,-0.61684006
0.5662531,-0.8242314
-0.9990206,-0.04424795
0.43224078,-0.90175825
0.7622519,0.014807918
0.43629414,-0.827252
-0.91812605,-0.3962885
-0.0018604671,0.02484367
-0.2266047,-0.066571884
0.959444,0.19725922
0.00083740527,0.028925836
0.41584986,0.88092726
-0.01956645,-0.07872122
-0.93396896,-0.35735407
0.15086237,-0.35791466
0.99999994,0.00024646596
2.3419755e-09,-4.8393962e-05
6.474509e-05,-0.008046173
-0.52078974,-0.04077496
-0.015880752,-0.016670147
-0.43900767,0.41774714
0.5062299,-0.4999612
-0.003162885,-0.0028103162
-0.17354326,0.01969562
0.4283255,0.4948361
-0.023550944,0.026176322
-0.8739032,0.3204694
0.03144205,-0.17450915
0.11145124,0.9937699
0.9507447,-0.21640056
-0.022705529,-0.08444481
-0.057524916,0.12799567
0.40717322,0.49130765
0.9409523,0.33168483
0.930846,0.36541176
0.9999164,-0.012268042
-0.006072772,0.003605274
0.8106709,-0.5855021
-0.0057954527,0.043626048
-0.8285303,-0.5599442
0.0091582155,-0.095259346
0.70330226,-0.66551137
0.96980923,-0.24386474
0.5277322,0.72049177
-0.6812459,-0.73205465
0.91396374,-0.38349453
0.9989784,0.045190573
-0.20880178,0.7929467
-0.23423578,-0.2963171
-0.9494449,0.3139337
0.6990785,-0.7150449
0.92813164,-0.37225208
0.92360914,0.38333556
0.29476327,0.045743898
0.073003136,0.26014164
0.8661086,-0.47167575
0.6201429,-0.7844889
0.048999153,0.19630605
0.89831656,0.30223158
0.0302698,-0.17132875
-0.9995398,-0.030335689
-0.98684025,0.16169825
-0.5143451,-0.026981449
0.06002557,0.23753421
-0.4145162,-0.42536733
0.52209175,0.49951172
-0.012496463,-0.9999219
-0.78508043,-0.6193938
0.99999964,-0.0008407089
0.92786777,0.3729093
0.07705624,0.26668066
-5.6345838e-05,-4.1955915e-05
0.05653178,-0.23094574
0.46675083,0.49889326
-0.9847538,-0.17395389
0.002483082,0.0044486015
0.9871971,-0.11242334
0.5117896,0.7945509
0.9994298,-0.033764113
0.9287731,-0.25720343
0.70138246,-0.45765173
-0.35550585,0.8477844
0.8842076,0.31997582
0.26267195,0.44008568
0.9876878,0.110275164
0.6570588,0.7348295
0.059031673,0.17954321
0.56409466,0.8257101
-0.19560781,-0.39665815
0.9488001,0.31587714
0.99622995,-0.08675166
0.94383216,0.2302455
-0.16977558,0.98548275
0.6173053,-0.78672373
-0.2922394,0.532872
-0.5064438,-0.0115638925
0.08540191,-0.076535076
0.0045664683,0.06742118
0.99999946,-0.00073775265
0.81714773,-0.38654533
-0.9959003,-0.09045794
-0.98607713,-0.1662885
0.48625442,0.49981102
-0.049576428,-0.38691667
-0.14544752,-0.19801898
0.052251197,-0.998634
-0.84188724,0.35005826
-0.9144138,-0.40478066
0.8907572,-0.45447946
-0.28446385,0.5780939
0.6551947,-0.47530475
-0.99980515,0.019739993
0.3592216,0.7664515
0.56062216,0.49631134
-0.22612582,0.42213166
-0.87771666,-0.33725396
-0.19726306,-0.1841551
0.9723232,0.23363996
0.94636863,-0.22528878
0.9721345,-0.23442397
0.8641831,0.47477022
-0.9994538,0.033047047
-0.9883444,0.15223475
-0.97413224,-0.22597872
-0.5611799,0.2797207
-0.38536942,0.12671223
0.17725772,0.38188666
0.009576821,0.09739151
0.924653,-0.26395047
-0.34414726,0.70014554
-0.12872246,-0.17065045
0.58000416,0.49355784
-0.99479306,0.10191526
-0.12977724,0.17102496
-0.82480913,-0.56541127
0.05376538,0.0031596874
0.7346538,-0.6784422
0.9581281,0.25525218
0.6698483,-0.6938005
0.98360604,0.18033056
0.990853,-0.120612256
-0.561183,-0.20476352
0.28990382,-0.45371753
0.008070691,0.24710089
-0.9939412,0.10991326
0.088207364,-0.99610215
0.97972,0.14095642
1.0,0.0
-0.76486427,-0.34422633
0.40737343,0.7578691
0.99283427,-0.08434681
0.79624075,0.569057
-0.9744774,0.22448549
0.5672077,-0.7646659
0.43297604,-0.90140545
-0.33134994,0.9435079
0.8636923,-0.343115
0.8416512,0.50902617
0.9651265,0.24802575
0.2598842,-0.96563977
-0.16947617,0.81224126
-0.20684345,0.97837406
0.9805805,-0.1859188
0.112298675,-0.034291606
0.6747281,0.7380664
0.8064755,0.011150961
-0.2917481,0.34429023
-0.4702552,0.04473146
0.9870845,0.16020027
0.9254346,-0.35843468
-0.53627425,0.08023782
0.26499093,-0.8715575
-0.19045472,-0.73343223
-0.011268769,-0.94853556
0.43498176,-0.8221799
-0.6053524,0.5233003
-0.0011119844,-0.019225199
-0.24037875,-0.5033218
-0.0007616378,-0.015918078
0.04436125,0.2058964
0.045470797,0.9989657
-0.99950325,-0.031515356
-0.47362164,0.8807284
0.997396,0.07211944
-0.04320181,0.85641426
0.16895935,-0.041128095
-0.7348064,-0.4633144
0.0007177627,0.026781477
0.21509774,0.41089013
-0.30015272,-0.35037974
0.04294973,0.20274381
0.99999565,-0.002951007
0.59012353,-0.80731297
0.831401,-0.37439737
-0.5447453,0.8386015
0.9152141,-0.4029678
0.97752804,-0.1482126
0.55028856,0.8349745
-2.4897192e-05,-0.002880718
0.6716124,0.46962667
-0.0015399978,-0.022612227
-0.006876608,-0.04745486
0.99042296,-0.13093527
-0.5498327,0.35910797
-0.5623726,0.23042025
0.04949117,-0.15284991
0.90123,0.29835296
0.8757019,0.427347
-0.012636407,0.26700807
0.9998735,0.014224704
-0.4863011,-0.022147229
-0.2486398,-0.30940804
1.0,0.00021036441
0.080494195,-0.27205676
0.17701261,0.3816794
-0.43247044,0.087585725
-0.99340063,-0.11469626
-0.4197871,0.622628
0.21088895,0.043985683
-0.7970676,-0.41855216
0.95070845,-0.31008622
0.02384928,0.2701273
0.00265569,-0.051464915
0.9999951,0.0022110934
0.27945548,-0.4487317
-0.22093037,-0.5085386
0.9077739,0.41945976
-0.99984545,0.017582243
-0.6090279,0.79314876
0.2518063,0.96777767
-0.9677665,0.25184897
0.98098654,0.18398678
0.965698,-0.18200378
-0.14574349,0.9893224
-0.25609177,0.31589028
-0.9648866,0.26266676
-5.605194e-05,-0.0043221875
-0.17086501,0.3726643
0.82186013,0.38263047
-0.13110669,0.27673152
0.07562733,-0.2644009
-0.16439621,0.37458816
0.550184,-0.83504343
-0.5871929,-0.80944705
-0.2894126,-0.38551655
0.79664403,0.40249512
-0.84188724,-0.35005826
-0.49997604,-0.50004786
0.96128327,0.27006316
-0.10352752,-0.15982652
0.41502342,-0.49272606
0.7294614,-0.5963561
-0.99255437,-0.08536124
0.9900864,-0.12553333
-0.027491122,0.99962205
-0.8869364,0.46189147
0.05611487,-0.022503149
0.5717603,-0.7619701
-0.550929,-0.35392305
0.98895967,0.14818482
0.84427315,0.5359131
-0.07691701,0.10215347
0.71651524,0.6808192
-0.39398897,0.40422413
0.9967473,-0.0805901
0.89691395,0.44220507
0.51088685,-0.859648
-0.5084406,-0.48243287
0.86705667,0.33951345
-0.00011644957,0.006229364
0.04925873,-0.00044391764
0.07335067,-0.14854099
0.0405194,0.21857472
-0.06593187,-0.08592269
0.989741,-0.13548985
-0.11122264,0.6489098
-0.045411285,0.85585177
-0.3166534,-0.86727756
-0.5314898,-0.42493197
0.9979666,-0.060463954
-0.13732345,-0.929079
-0.26696828,0.6331713
0.52456003,0.7881292
0.14111748,-0.3481427
0.041439332,-0.19930407
0.71002585,0.45375007
-0.23343824,-0.6873896
0.6206004,-0.48523763
0.49874607,-0.49999842
-0.5473682,-0.36999133
-0.19931923,0.7251588
-0.29679623,0.35087174
0.6756103,0.46814635
0.9960618,3.5357447e-05
0.16040063,0.87999403
-0.022491561,-0.99974704
0.8827899,0.32167044
-0.05385724,-0.015371482
-0.39756623,0.91757345
0.45873946,0.49829465
0.41548267,0.9096011
0.70562875,0.4557596
-0.25425425,-0.18098441
0.005724386,-0.075442806
0.9999778,0.0047103767
0.31356525,0.4639419
-1.920062e-09,2.529863e-05
-0.115625456,0.16549131
-0.24845429,0.6663502
-0.013880231,0.0071036476
0.011643528,-0.10727514
0.32377952,-0.94613254
0.73847944,-0.6324164
0.014427879,0.119246446
0.99853075,0.038302362
0.29625243,0.45660368
-0.45295894,-0.42603227
-0.9795145,-0.20137385
2.279277e-06,0.0015097257
-0.37380576,0.39471513
0.97480065,-0.22307768
0.3349261,-0.47196463
0.8820813,0.4448442
0.0395543,-0.01755997
0.9997825,0.01978431
-0.31832305,0.7216244
-0.37956518,-0.13067469
0.06354968,-0.013483501
0.4433391,0.49677917
0.073003136,-0.26014164
-0.5130705,0.739657
0.9806091,0.19597395
-0.63953197,-0.7687645
0.8365652,-0.36976188
-0.13144833,-0.27885392
0.05489102,0.22776741
-0.004037329,0.0364952
-1.0,-3.6883712e-08
0.0046532503,0.068055846
0.7344605,0.44162008
0.046217877,0.1892939
0.98534334,-0.16172843
-0.6350187,-0.77249676
-0.28393072,0.5187006
0.4070182,-0.91342
0.97752804,0.1482126
0.96648324,0.24324977
-0.20059095,0.97967505
-0.0005335101,-0.00043370863
-0.99960256,0.028191062
-0.9627866,-0.27026263
0.93987685,-0.34151354
0.6111805,-0.4874822
-0.99837124,0.057051677
0.9996104,0.019733552
0.00082843547,-0.8380622
0.8484324,-0.49907497
-0.4145263,-0.62889165
-0.3183808,0.9479629
-0.43900767,-0.41774714
-0.9549569,0.29674456
0.99928147,-0.037902545
-0.9908461,0.13499644
0.57873815,0.79352254
0.99999875,0.0015884031
-0.022632373,-0.025003951
0.84089595,0.4774109
-0.9969525,0.07801135
-0.34956372,-0.38183993
-0.044367965,0.007408064
-0.12450091,-0.19165578
-3.5165706e-07,0.00034237248
0.9085698,-0.28821987
-0.88466173,-0.46623343
-0.061287515,0.30600846
-0.46944216,-0.88296324
0.31024936,-0.77160794
-0.2616528,-0.7620928
-1.9786818e-07,-0.00025681904
0.99999964,0.0008407089
-0.39337415,0.82634366
0.94152665,-0.23463634
0.4337662,-0.49559367
-0.061901927,0.13192184
0.8213368,-0.5704436
-0.00018636519,0.007879857
0.7570505,-0.57138646
-0.73714375,0.12163235
0.9891532,0.13929385
-0.039972745,-0.10941639
-0.40185973,-0.9157012
0.9550561,-0.2964252
0.98740035,0.11153884
0.9999016,0.009920328
-0.05005103,-0.12069461
0.9553143,-0.2066129
0.9385495,0.24015474
0.8286763,-0.5272914
-0.012716944,0.06404291
-0.41870072,-0.90812427
0.97196937,-0.20981905
0.022975452,0.14982517
-0.7380274,-0.6747708
-0.63868964,-0.76946443
0.31493732,-0.4644909
-0.3923483,0.65368956
-0.08439074,-0.42198777
0.94842786,0.31060916
-0.7870885,0.61684006
-0.5106141,-0.47766688
-0.26371318,-0.3223199
-0.9999989,-0.0014566276
0.9667439,-0.25574642
0.005141384,-0.99998677
-0.9677315,-0.25198382
0.6244993,0.48425192
-0.98367846,-0.17993534
0.9826656,0.17576064
0.00015333231,-0.012381793
-0.9911671,0.13261862
-0.72880876,-0.6847173
-0.12748177,-0.9918409
0.63018954,-0.7564131
0.21163937,-0.8775732
0.9886403,0.14252792
0.9763349,0.2049585
0.013669938,0.015363528
0.39542955,-0.7603262
0.99072206,-0.12888525
0.979715,0.14097345
-0.9869149,-0.16124225
-0.7891974,-0.6141396
0.98432946,-0.00027933012
-0.06804357,-0.8122728
-0.2558296,0.45545116
0.55487555,-0.49697956
0.21416959,0.41024503
8.106185e-06,-0.0028471248
0.9760933,-0.15275848
8.2244034e-05,-0.009068477
-0.19393685,0.18396056
0.32255158,-0.770649
-0.5363678,-0.36894166
-0.37512225,-0.13359469
0.031795498,-0.17545524
-0.69144547,0.7224286
-0.52734727,-0.43663508
-0.95245016,0.2087663
4.6067104e-08,-0.00021463248
0.9901716,-0.13262536
0.7345444,0.4415755
0.04962784,0.14426738
0.14863472,0.8800862
0.9823978,0.13150041
0.90816355,-0.2887949
0.5315175,0.8470473
0.22319385,0.41638726
0.9994539,-0.023361852
-0.9994647,-0.03271665
-0.17220376,0.5936789
0.99970835,-0.02414873
0.13322148,0.33981395
0.9880869,-0.15389706
0.9995079,0.029757079
0.85570306,-0.48807162
0.076751225,0.9970503
-7.438102e-05,-0.0049788514
0.6437202,-0.76526093
0.67347205,-0.6401624
0.018094748,-0.009526869
0.33428842,-0.858339
0.99096066,0.09464481
0.970757,0.16848688
0.9977631,0.06684897
-0.50387746,0.86377513
0.65971255,-0.47380576
-0.5309002,-0.42664593
4.8004697e-08,-0.00021909973
0.6040669,0.48905018
0.89648926,0.3928758
-0.00044650302,-0.012192806
0.5047029,-0.8632931
-0.889522,-0.45689237
-0.09375557,-0.1545488
-0.034638815,0.10261516
0.7574898,-0.652847
0.99844265,-0.039432894
-0.59519583,0.8035807
-0.92550594,-0.25607678
0.9943371,-0.07503893
-0.1097264,-0.14975987
0.9999994,0.0011087628
0.9994368,0.033556662
-0.1534272,-0.81930095
0.16800383,-0.7661177
-0.99731064,0.073290855
-0.25862283,-0.4281397
0.31111482,-0.46294966
0.10025008,-0.87863374
0.0046008,-0.06767298
0.031229317,0.22090258
-0.49292454,-0.43598372
0.86818165,-0.43889555
0.019245785,0.13738772
-0.8677102,0.4970705
-0.01415182,0.06743181
0.3456881,-0.8477219
0.0043575154,-0.86685103
0.19615038,0.8786511
-0.51202965,-0.022306975
0.9697812,0.2439761
0.86518085,-0.4907289
-0.96891576,0.24739078
0.8274021,-0.009497728
0.59852904,-0.745331
0.99904543,0.043682583
0.866512,-0.0065894094
0.8792274,0.4497988
-0.00035260702,0.010836502
-0.22274013,-0.7853862
0.9049205,0.42558062
-0.04866789,0.0054430845
-0.2640294,0.7605595
-0.032094885,-0.011109573
0.00025794425,-0.016058572
0.99936146,0.033896692
-0.54617476,0.113172345
-0.23485234,0.18341702
-0.1345366,-0.3550163
0.9962122,0.061428756
-0.998095,-0.04345201
-0.99837124,-0.057051677
-0.98615223,0.16584252
2.7095712e-09,-5.205354e-05
0.9846629,-0.17446773
0.8651467,-0.5015189
0.23338318,-0.422984
-0.1430068,-0.19487253
-0.04566009,0.11600544
0.9078127,-0.41937578
0.6641587,0.6983311
0.0038987175,0.062317874
0.99922097,-3.1145175e-06
0.99985754,0.015096373
-7.0259265e-09,-4.8393962e-05
-0.28733608,-0.17365952
0.022366446,-0.23154393
-0.00617424,-0.32887328
0.9989931,-0.03171572
0.99880743,0.034513116
-0.027615467,0.09251153
0.890287,-0.31253174
0.07917938,0.27001852
0.008074147,-0.71997094
-1.0,0.00014050127
0.74935234,0.5786034
-0.13082705,0.82848865
9.67809e-09,9.8377284e-05
-0.0525021,0.9986208
0.46892092,-0.88324016
0.008074147,0.71997094
0.40053073,0.042810485
-0.27407032,0.14263302
-0.98986137,0.14203706
-0.5023034,-0.0040395097
-0.7225416,-0.41915178
0.00012807264,0.011316194
0.76482606,0.62934977
-0.4179983,-0.101047136
-0.19213703,0.18383713
0.78634405,0.61778885
-0.048693027,-0.11927841
0.9919038,-0.1245116
-0.03380876,-0.8587274
-0.17616406,0.58944535
0.99096376,-0.094628826
0.047428746,-0.10855537
-0.00011583925,-0.006213023
-0.9162849,-0.4005271
0.99992895,-0.0113088135
0.9997675,-0.021145947
0.8094447,-0.5519583
-0.0033740646,0.03339155
0.7106106,0.70358545
-0.06764914,0.13673116
-0.6980966,0.7160036
-0.3731288,0.13487363
4.1339248e-05,-0.0064294273
0.99147,-0.09196338
0.00012870254,-0.011343984
-0.075583056,0.14279367
-0.290091,0.95699906
0.8329606,0.37301102
0.2825156,-0.8687972
0.70984685,0.4538329
0.9999972,0.0023652534
0.9999791,-0.0061341804
-0.99999994,0.00040117497
0.80246,0.5967059
-0.9926228,0.12124356
0.99419165,0.075990975
0.07927402,-0.04331755
-0.00054376334,0.013453721
-0.1762617,-0.74569327
-0.1840904,-0.18312754
-0.10273064,0.15942064
-0.18844031,-0.98208463
0.042446602,0.20160577
0.5586464,-0.7696332
0.6477545,-0.024757426
-0.022309564,-0.08374987
0.96557343,0.24646361
0.9996802,0.023989288
0.009961715,0.09931002
0.7128873,0.61022544
0.9337949,0.3183122
0.9625005,-0.27127987
-0.39376685,0.9192104
-0.8085733,0.5883954
0.9997184,-0.016778331
0.00024836612,0.015757678
-0.17416744,0.98471606
1.0,-2.6307247e-05
0.022908837,-0.1496129
-0.2854,-0.1741993
-0.3814627,-0.12939791
0.98374635,-0.17603698
0.77324176,0.4187349
0.9525685,0.29821366
-0.7325861,0.43793595
0.9711204,0.22610232
-0.0067665945,0.047080453
-0.5540263,0.14841993
-0.953448,0.30155748
-0.18318962,0.38591737
-8.0974116e-13,-5.195334e-07
0.46594903,-0.74261093
-0.018533118,-0.00880066
0.9646159,0.18474865
0.00030993772,-0.017602319
-0.28810465,0.39048293
-0.9632509,0.26860338
0.77324176,-0.4187349
-0.3752157,0.433805
-0.015949372,0.011265082
-0.0032117518,0.03258529
-0.09131201,0.84254247
0.99832416,-0.04090305
-0.11750291,-0.9930725
0.9917989,-0.00010607412
0.0004897101,0.022123976
0.8180075,0.5409442
-0.4423417,0.8968466
0.71720016,0.6968672
0.49730542,-0.49999273
-0.024199184,0.35553527
0.75905454,0.6510271
0.7328364,-0.68040484
0.21947853,0.8769133
0.019541683,0.13841894
0.06691897,-0.02529685
-2.9034272e-08,9.8377284e-05
0.94397426,-0.33001903
-0.035721973,0.6983353
0.8827527,0.44366762
-0.19181244,0.25324747
-0.14059554,-0.19174115
0.9491224,-0.29817265
-0.9918902,0.127098
0.9919195,0.113403045
-0.28631622,0.563309
-0.5325005,0.7222933
0.9871554,0.15149283
0.9425514,0.31622714
-0.2531177,-0.4264649
0.9929268,-0.08380457
0.77426803,0.5946448
-0.53540975,0.84459245
-0.43680066,-0.8995583
-0.4384966,-0.89873284
0.61034334,-0.7375435
-0.9274751,0.373885
-0.13639791,-0.8263039
-0.99999905,0.001375116
-0.69446766,0.20336944
0.9833263,0.18184985
-0.5623862,-0.23106007
-0.012589855,0.06373274
0.9351048,0.24634087
-0.30863482,0.1667914
-0.24613716,-0.18216968
0.6437989,-0.47887564
-0.5451578,-0.37900913
0.76028454,-0.42690977
0.9554085,0.29528734
0.9868739,-0.11381456
-0.41426063,0.1043015
-0.09611419,-0.9953703
0.0067890747,-0.08211567
0.0004209281,0.020512214
0.17222025,0.37757176
-0.5616932,-0.27148306
-0.35851452,0.93352413
-0.7459384,0.6660149
-0.99984,-0.017885564
-0.08526037,0.14939213
0.97286725,-0.21923608
-1.0,0.00011174554
0.7355362,0.6774854
0.9757789,0.15373504
-0.23285057,0.18358944
0.82069385,-0.57136816
0.0010402533,-0.032236177
-0.15549001,0.8184189
-0.008827382,-0.05362997
-0.005543962,0.042682875
-0.99050534,-0.13747415
0.97817993,-0.18550529
-0.5439831,0.10509029
0.86011183,-0.5101055
-0.07935219,-0.846314
0.042323027,-0.99910396
0.9999996,-0.0006565112
0.793327,-0.53448415
0.47479606,0.88009584
-0.5278858,0.4351564
-0.11314511,0.34120166
0.3498109,0.47691008
0.95635027,0.2043146
0.987785,-0.15582317
-0.17574458,-0.9844358
0.9682997,0.17520109
0.9158599,-0.27759784
0.46428537,-0.859184
0.6544335,0.70589685
-0.21828197,-0.18439765
-0.5698045,0.82178026
-0.6846916,0.43110913
-0.06514801,-0.13468409
0.99958307,0.027392471
-0.5181281,0.034929663
0.96174365,0.1918145
0.019552158,-0.01015034
-0.089277335,0.84319955
0.043871325,0.087561496
0.99910164,-0.042378616
0.29217872,-0.95636374
-0.00036506308,-0.011026068
0.9956106,-0.09359252
0.21885785,-0.8769683
-0.10101404,0.43630132
0.23229513,0.42229623
-0.2937846,0.17176083
0.9925414,-0.121908024
0.6725886,-0.7215949
0.7773435,0.59118116
0.98216057,0.17827639
0.030587919,0.87127805
0.536438,0.78191143
0.20607398,0.8649217
0.24594086,0.43064365
-0.028387768,0.03248032
-0.19332977,-0.03420687
0.3127643,-0.46361923
-0.5585842,-0.30703714
0.99975395,0.019839728
-0.13569286,-0.29980955
0.9968872,-2.4854473e-05
-0.03148345,0.036618866
-0.5774433,-0.4446716
0.73050255,0.44369873
0.116350725,-0.99320817
-0.0015719674,0.022844795
-0.9981425,0.043205313
0.3981337,-0.8405648
-0.32299936,-0.16117506
-0.93591535,-0.35222504
-0.09299578,-0.15411001
-0.0032032053,-0.032542266
0.9825449,0.17636521
0.98585355,0.16760914
0.0025392072,-0.05032653
-0.99782825,0.06586936
0.082418635,0.27500147
0.931574,-0.3439935
0.5608976,0.49627763
-0.16397037,-0.8147145
-3.6152916e-05,0.00029507198
-0.25556886,0.96679085
-0.8849165,0.46574974
0.046408888,-0.21036898
-0.4756252,0.0375235
-0.4059871,0.6387355
0.98606724,-0.11721198
0.93438053,0.35627663
0.0024266196,-0.049200926
-0.9451105,0.32675084
-0.6702325,-0.5575387
-0.1474489,-0.17645544
-0.90332234,-0.28692394
-0.7690104,0.32843858
0.46301237,-0.8863518
0.20531502,0.40393165
-0.09125338,0.036864806
-0.40378404,0.6412132
0.041736975,-0.018263848
-0.23343824,0.6873896
0.9665291,-0.22886032
0.17833382,0.98397005
-0.99887985,-0.047318086
-0.55994165,0.19019812
0.032530755,0.050207756
0.9566244,-0.2913241
-0.99999994,0.00029795716
0.4909611,0.8044554
-0.53089523,0.06528098
0.000115813054,0.010761024
-0.004669972,-0.25965917
-0.041876916,-0.11169264
0.6654062,-0.6954148
0.99830747,-0.05815718
0.075641766,-0.033842754
0.06614491,-0.24853525
0.4121277,-0.4922179
0.99934775,-0.025531422
0.00049513654,0.022246154
-0.5995159,-0.3190944
-0.00038415234,0.011310397
0.31261677,0.46355963
-0.14460412,0.76946807
-0.97590256,0.21820687
0.87669,-0.45414308
0.13101283,0.9913807
0.13046156,-0.94907224
-0.80520535,-0.5929961
8.299156e-06,0.0028808136
-0.9349503,-0.35477877
0.921165,-0.2694811
-0.29771775,-0.22376963
0.43127453,-0.49525428
-0.0017623499,-0.02418274
-0.09244766,-0.1249547
-0.5470502,0.37132835
0.9997825,-0.01978431
0.99993896,-0.007812612
0.002934962,-0.05409573
0.02222455,-0.14741309
0.00013697844,0.011702977
-0.21173126,-0.7126393
-0.11178012,0.08746762
-0.2734886,-0.75432277
0.37268114,0.48351827
0.61299145,0.48706564
-0.99999887,-0.0015080767
0.94250643,0.32742926
-0.97654057,0.21533354
0.45562953,0.49802738
-0.23578244,-0.9718059
0.6652016,-0.6975065
0.9824692,0.1767434
0.70242274,-0.45719254
-0.99999934,0.0011251544
1.426389e-05,-0.0037767296
-0.16111386,-0.012047998
-0.45159844,0.7881206
0.46920925,-0.038884517
-0.00034738553,0.010756039
0.34971,0.4768783
0.716488,-0.45070273
0.041736975,0.018263848
-0.03005637,0.85961634
0.7223286,-0.44785044
-0.9963068,-0.060361665
-0.99869925,-0.05098869
-0.18438846,0.18315846
-0.13149701,-0.35305512
0.97586477,-0.2069835
0.9954188,0.09068921
-0.15681197,-0.17872265
-0.98540354,-0.17023467
-0.58727896,-0.6668567
-0.80189794,0.379431
0.983372,0.12787321
1.1717258e-05,-0.003423028
0.9992224,-0.037404016
-0.5104637,-0.019221837
0.119237654,0.32406795
0.8650596,0.3416599
0.94152665,0.23463634
-0.99999404,-0.0034551967
-0.45865822,-0.88861275
-0.54166985,0.5397922
-0.096043736,0.84098965
-0.15726991,-0.17882323
0.91971755,-0.39258066
0.051535897,-0.2210881
-0.52848977,0.44167116
0.010084438,0.09991367
-0.300666,0.9537295
0.012294161,-0.110195346
-0.00793886,0.050918214
0.046091672,0.20968364
1.945532e-05,-0.0044107754
0.07630806,-0.14012282
-0.71626437,-0.4214188
0.37485707,0.48408598
-0.99988127,0.015407845
-0.5527746,-0.44385913
-0.11278579,0.091395766
0.8938769,0.42354023
0.9998031,0.019840656
-0.4101144,-0.107810885
0.07821431,0.26850852
0.052232414,0.22249536
-0.9571657,-0.28954065
0.9657025,0.25448602
-0.07932138,0.14544024
0.08160788,-0.12072852
0.9996407,-0.018951273
-0.32194218,0.3651472
-0.9873574,0.15850993
0.041679822,0.21359359
-0.04015393,0.008998356
-0.9964864,0.08375476
0.0063753496,0.07959086
0.9599429,0.28019577
0.0014729975,-0.038351372
0.6049295,0.7411468
0.0076464675,0.08710912
0.003053823,-0.055176962
-0.88807315,0.4597022
-0.43039092,-0.089607984
0.8877545,0.31566828
0.20915568,-0.40670577
-0.9503617,-0.31114718
0.1752056,-0.38014287
-0.87703055,-0.48043466
0.014389791,0.11909124
-0.46812227,0.556297
-0.004240325,0.037391644
-3.2500964e-05,0.0032913152
-0.99699867,-0.077419065
0.005823558,-0.07608971
0.39147657,-0.4880806
0.40704307,-0.83764124
-0.48676196,-0.8735347
0.22517274,0.41769603
-0.9992877,-0.03773698
1.4445041e-05,0.003800636
-0.14059256,-0.3589315
0.21762763,-0.9760319
0.9270194,-0.37501338
-0.97525954,-0.221063
-0.25184408,-0.18136147
0.87195975,0.33413464
0.99844754,-0.055700272
-0.06766091,-0.13674064
0.085177094,-0.27914506
-0.9251964,0.37948865
0.37691614,0.9262474
0.977746,-0.19886175
0.91888803,0.39451844
0.44084492,-0.49648833
0.9665291,0.22886032
0.03665299,-0.18790835
0.2518063,-0.96777767
-0.03348025,-0.101046294
0.305689,0.46069863
0.24804808,-0.43187988
-0.045652714,0.85578984
0.25563538,-0.8728715
0.01755624,0.13133171
-0.99990135,0.014045609
-0.24830334,0.09517449
-0.39821643,-0.6473664
-0.0008238823,-0.016554434
-0.3888782,-0.40191796
-0.2560792,0.47441867
-0.9045511,-0.42636532
0.99875253,0.049934175
0.071886055,-0.8763984
-0.5599306,0.29465607
-0.0040077535,-0.03636267
-0.37939638,0.92523426
8.516089e-07,-0.0009228262
0.9813285,0.19233939
-0.47403583,0.88050556
0.038263816,0.19183247
0.8348116,-0.53848255
0.9690751,-0.23383239
0.96704143,0.17852816
-0.55727696,-0.31714
0.27853876,-0.44827995
0.9928909,-0.10640264
0.013886858,0.8685666
0.8650596,-0.3416599
-0.0049010655,-0.040165186
-0.0031903784,0.0020377706
0.9946199,0.07315143
0.7900849,0.4072478
-0.0156186465,0.07070307
-0.99960256,-0.028191062
0.65323186,0.7068163
0.9751745,-0.15559316
0.36403233,-0.48115775
-0.0140936,-0.7095857
0.13095452,-0.879898
0.8523178,-0.5230242
0.87688804,-0.32856566
0.9324602,0.36127275
-0.9454069,-0.3258923
0.3033913,-0.45972276
-0.35595968,-0.14511777
0.75466657,0.4302847
-0.0352652,-0.013133212
0.4083692,-0.9128168
-0.7556619,0.6549619
-0.0020329545,-0.025964051
-0.4824398,0.8759291
-0.033619355,0.10123654
0.99966925,0.024396518
-0.045060754,0.38175386
0.9315757,-0.34385157
-0.003816879,0.03549493
0.77794045,-0.5905045
-0.3005445,0.53498495
-0.9645477,-0.2639086
0.95381784,-0.3003856
0.440533,0.89773643
0.990757,0.13299748
0.9465304,-0.32261467
-0.002037862,-0.025995208
-0.12928246,0.0030126437
0.049379196,-0.13182251
0.9999747,0.007112721
-0.94544935,-0.32576916
0.5106081,0.79513144
0.5800797,0.4935456
0.7634279,0.6065662
-0.13246764,0.99118733
0.50371057,0.49998623
0.9177583,-0.2747326
0.00028805563,-0.016969757
-0.9968513,-0.07929361
0.0026034582,-0.05095763
-0.5502211,-0.1298138
-0.36044785,0.5461641
-0.51655334,0.85625505
-0.53323907,-0.07160281
0.6893047,0.7244715
-0.9864218,-0.16423135
0.9999998,-0.00039710093
0.002693196,0.051826082
0.61655277,0.73333734
0.014389791,-0.11909124
0.15573363,-0.76417017
0.9802366,0.13918635
0.99999434,0.0031849535
0.14961442,0.76310724
9.7426324e-05,0.009869996
0.9993372,0.025736831
0.8348116,0.53848255
0.7435933,-0.6529198
0.28728458,-0.4524955
-0.7836085,-0.621255
0.39537746,-0.48893163
0.965245,0.24756421
-0.9962542,-0.08647283
-0.7293274,-0.4456278
-0.0018570003,0.0015939961
0.8660218,-0.47141534
-0.23490492,0.41968793
0.6602617,-0.02366607
1.0,-0.00011835629
-0.28434053,-0.16938719
0.8907027,-0.45458624
0.17425318,0.98470086
0.9991092,-0.042199757
0.99996656,-0.008178878
0.0013141264,0.036227055
-0.45518827,-0.06333477
2.3928942e-07,-0.0004891721
-0.86548126,-0.3518457
-0.9962542,0.08647283
-0.3208695,-0.16205905
-0.34544554,-0.43700022
-0.24664204,-0.77147514
0.009151502,0.09522474
-0.8856519,0.46434975
0.6754466,0.6892656
0.00028346298,-0.0011392327
-0.08216751,0.66999465
0.5522731,-0.032791343
1.0,8.215532e-05
0.23981754,-0.426972
0.77693397,0.41630226
0.42878428,-0.49490234
-0.22745122,-0.78274065
-0.08858566,0.32501495
-0.29253036,0.19796416
-0.4135908,-0.6299892
0.14635621,0.35346296
0.0058737686,0.007165212
0.026461322,-0.03673772
0.0013171191,0.0009041539
0.99513525,-0.09851828
0.71907616,0.69493127
-0.3147101,-0.1645146
0.44859335,0.7476955
0.9791603,-0.20308876
0.66924727,0.7430397
-0.28500542,-0.1743076
-0.94291615,-0.3330302
-0.9999993,0.0011917248
0.9962504,0.082066044
-0.44314417,-0.4162815
-0.5986952,-0.6538984
0.970633,0.1688331
0.99344033,0.1143515
0.9350271,0.24647795
0.09251079,0.28974566
-0.00021653481,-0.008493429
-0.13255826,0.28519362
0.072693095,0.25963205
-0.55698615,-0.31920865
0.033655424,-0.9994335
0.83584195,0.54897016
0.9963602,-0.06022117
-0.97231174,0.23368753
-0.6725026,-0.7400948
-0.1384368,-0.17388092
0.28159723,0.86895156
0.5838854,-0.75460243
0.81270415,0.39014882
-0.8688001,-0.49516296
0.07700146,-0.997031
-0.023550944,-0.026176322
-0.024199184,-0.35553527
-0.9975872,-0.069424935
-0.014114584,0.06734634
-0.99744284,-0.071468405
-0.6673706,0.74472576
0.67168814,-0.74083406
-0.9966134,-0.08222996
0.40135235,0.8331729
0.9577197,-0.28770304
-0.06005547,-0.07726682
0.97859156,0.195095
0.040756624,0.19772588
0.6332857,-0.48190758
-0.0040514222,-0.03655818
0.4298384,0.82965046
0.102572,0.30339906
-0.5407242,-0.093990505
-0.19931099,-0.9799363
-0.20925376,0.5498763
0.98316306,0.12866017
0.77124137,0.42003348
-0.0017623499,0.02418274
0.9999917,-0.0038568352
0.36841363,-0.48237437
-0.025979001,0.08992843
0.0149118975,-0.12120038
0.76223624,0.647299
-0.36386257,-0.43535703
-0.2537052,-0.6579811
-0.0010110572,0.00069920614
0.00016688103,-0.012917167
0.0027107557,-0.0519943
0.98864865,-0.10593614
0.15427725,0.3612143
-0.0009963268,-0.018200645
-0.5596891,0.29708084
-0.55351806,0.34059408
0.9202698,0.34768847
0.06486195,-0.1682789
0.53166443,0.8469551
0.99994004,0.010388413
0.9996104,-0.019733516
-0.9874403,0.15799247
-0.94837505,-0.31715098
-0.8732183,0.4873292
-5.8364443e-05,0.004410432
-0.37012538,0.9289818
-0.043753847,-0.99904233
-0.3923483,-0.65368956
0.5293006,-0.49914074
-0.5451578,0.37900913
-0.7914092,0.1630902
0.9066382,0.39880726
-0.2671296,0.43041933
0.05671157,0.23129065
0.64511466,-0.7129409
0.27532095,-0.44667587
0.99298596,-0.083455734
-0.41601413,0.90935814
-0.27720267,0.15008149
0.8037755,-0.39714032
-0.7664935,0.6422521
0.084487215,0.27811712
-0.73206156,-0.6812385
-0.5327503,0.42120978
-0.023168867,-0.99973154
-0.73442644,0.12784137
0.8350202,-0.48509243
0.45873946,-0.49829465
0.22978851,-0.77229846
-0.29871243,-0.17020462
0.029001664,-0.16781111
-1.4805456e-08,-7.025064e-05
0.9969997,0.054693103
-0.39957508,0.64587885
0.6299421,-0.48281989
0.03409523,0.18147382
-0.12249346,0.9924693
-0.0085293325,0.0048087635
-0.2527674,0.8943159
-0.9990097,0.044492308
-0.09063928,-0.12231846
0.6638238,0.4724
-0.13777918,0.17367744
-0.10572516,-0.14408576
1.0,-1.6445685e-05
0.34472534,-0.9387036
0.22010632,-0.8768571
-0.0028444126,-0.030679774
0.9901272,0.13292997
0.761978,-0.647603
0.013160352,0.010076368
-0.08714436,-0.1505844
0.48063752,0.8769194
0.43127453,0.49525428
-0.017404394,-0.011513192
0.39542955,0.7603262
0.55572563,0.49688494
0.899608,0.3005219
-0.011533078,-0.011612405
0.99987227,0.011300822
0.9647407,0.18443453
0.86910933,0.33728075
0.20501257,-0.7705355
-0.29683748,-0.17080753
0.8651467,0.5015189
0.8932761,0.30876192
-0.49309385,0.7564285
-0.7640391,0.6451699
0.9840797,0.17772776
-0.9872493,0.15918171
0.99999946,-0.000984767
0.99106646,-0.1333688
-0.4179983,0.101047136
-0.985994,-0.16678086
-0.020148544,-0.8618681
-0.028665148,-0.011719986
-0.14296937,-0.62228215
-0.99996656,-0.008175072
-0.49753624,0.8674432
-0.99837863,0.056922216
0.25018936,-0.43312198
0.8673269,-0.3392211
-0.27760512,-0.96069527
0.54804105,0.8364514
0.8750788,-0.48398054
0.99943054,-0.023856876
0.0021113474,-0.045900866
-0.09035726,0.035379484
0.63941145,0.76886475
0.93422484,0.3566846
-0.73714375,-0.12163235
4.5149584e-08,0.00021248432
0.9958526,-0.090981215
0.0022992513,0.047895353
0.9732652,0.16130733
-0.26066592,0.96542907
0.99387026,0.07805251
-0.28097478,-0.7492316
-0.22309756,-0.7000336
0.5233897,0.82795364
0.09760706,-0.2967826
-0.7288286,-0.14009428
-2.0703415e-05,-0.0026269322
-0.93077624,-0.36558932
0.9998782,-0.014803561
0.04812764,0.0012524417
0.99689144,0.07473588
-0.3023812,0.27374998
0.15363957,0.98812693
0.6229433,0.4846493
0.9999498,-0.009506872
0.99275553,-0.084805705
-0.9999859,-0.0053150523
0.99774814,0.067071706
0.025024448,0.7271786
-0.5587104,-0.305978
0.06574311,-0.87577784
0.16536966,-0.37151384
-0.9999886,0.004769515
0.27873734,-0.86942536
-0.13261467,0.17200333
0.9995052,-0.022237796
0.22753333,-0.9366093
-0.25028586,0.96817195
-0.027491122,-0.99962205
-0.027615467,-0.09251153
0.8617063,-0.47870952
-0.21833956,0.41161093
0.0011263798,0.033542674
-0.56249994,-0.24176621
-0.09124498,0.15308256
-0.9991636,0.040890407
-0.008399095,0.008150684
0.6897898,0.46257955
0.4283255,-0.4948361
-0.0021318353,0.0041272095
0.9811698,0.18934667
-0.35338807,0.14653696
0.503478,-0.79858685
0.97181374,-0.22341703
-0.12905,0.8291747
-0.07096461,-0.84882975
0.9337949,-0.3183122
0.00439085,-0.06611785
-0.8296458,-0.5582901
0.74055,-0.4383329
0.99676454,0.056788832
0.99352914,0.113577664
0.96515995,0.18337455
0.99468875,0.10292836
-0.123853356,-0.17841564
0.9775395,0.20659487
-0.980438,0.14001766
-0.47513598,0.03819389
0.48916864,0.80527544
-0.062416643,0.13236806
0.12922038,-0.3354437
0.98048216,0.19660822
0.44124854,0.49653625
0.030193161,0.17111848
0.19209266,-0.8788839
-0.08631235,0.0140230255
0.58124727,0.49335474
-0.60928,-0.79295516
0.12777358,0.99180335
-0.20417649,0.26651758
-0.7161212,0.69797593
0.013717095,-0.11631396
0.0037885515,0.0024256245
0.98765767,-0.110408366
0.005125155,-0.0714065
-0.00095980364,-0.017864767
-0.032542624,0.01259315
0.17882915,-0.3832092
-0.9901875,-0.13974492
-0.095560886,0.04458548
-0.8985896,0.43879
0.0024992886,0.049930375
0.02141714,-0.14477032
-0.99822384,-0.059575137
-0.2867368,-0.54204845
0.93057984,0.32558915
0.18647687,-0.7685935
0.3672404,-0.4820528
0.9980979,0.0616485
-0.55082667,0.537895
0.99664825,-0.0818061
0.011423549,0.10626877
0.17542572,0.86501646
0.17941545,0.944105
0.99904513,0.030886134
-0.519953,0.038913537
0.37221557,-0.48339543
-0.48615286,0.8738738
-0.1039427,-0.06315644
0.00012547938,-0.011201055
-0.47704723,0.5418371
0.999986,0.00473048
0.5239367,0.8517572
0.98316306,-0.12866017
-0.08860886,0.15149163
-0.50363487,-0.006421184
0.37603456,-0.48438886
0.39634645,-0.918101
0.23650514,0.9716302
-0.15970448,-0.17934217
0.5298716,-0.7853783
-0.4633447,0.053544544
-0.38678113,-0.43181145
-0.985994,0.16678086
-0.5551076,0.1544861
-0.747785,-0.66394097
-0.42828715,-0.6121646
-0.27381736,-0.6169713
-0.002009975,-0.025817653
-0.70446706,-0.7097367
-0.5406549,-0.093764715
-0.96421343,0.26512724
-0.55351186,0.1456767
0.99968606,0.017714981
-0.1811129,-0.7416289
0.99431384,0.0952048
-0.99992275,-0.012427965
0.044183474,-0.99902344
0.99832416,0.04090305
0.5409691,-0.4983187
-0.0007030069,0.01529427
0.83437383,0.37174472
-0.15549001,-0.8184189
-0.5384254,-0.08670713
0.9020364,0.29726535
0.97972,-0.14095642
0.9993461,0.02556364
-0.9006081,-0.30698603
0.022154368,0.14718543
0.026461322,0.03673772
-0.11961473,0.12842725
0.9985888,0.053107075
0.95892733,0.19845837
-0.9851094,0.17192881
0.09251079,-0.28974566
-0.9881035,0.15379043
-0.685168,0.72838503
-0.7418402,0.4147309
-0.16401471,0.8146948
-0.05112302,0.854365
-0.6828715,-0.7305385
0.9987232,0.045179613
0.034467902,0.1824277
-0.22587179,0.18407494
0.07642181,-0.03566756
-0.815392,0.5789092
-0.43359897,0.086475365
-0.99974525,-0.02257018
0.87011766,0.49284402
-0.07509733,0.80902463
0.02856586,-0.009997153
-0.100326486,-0.054460745
0.56061804,-0.768501
-0.49587497,-0.0069921627
0.96504635,0.00092318177
-0.5235517,0.37716138
-0.12529993,-0.2093208
-0.7288019,0.4167738
-0.05083163,0.12149549
0.111798555,0.31511846
0.42376158,0.82603616
0.9171079,0.37697324
0.36539504,-0.900177
0.6884784,-0.46311542
-0.12859452,0.2574462
-0.98705584,-0.16037701
-0.023168867,0.99973154
0.85944617,0.50023925
-0.9706657,0.24043308
0.53463864,-0.8450808
0.9998101,-0.01377848
