x_p,y_p,iteration
0.765891573596192,0.421405211444429,75
0.936043755906277,0.329382963733443,63
0.273138603841065,-0.444543899309188,65
-0.975526677184851,-0.204013183626312,61
-0.190843047633387,-0.980335536681913,76
0.865688159710052,0.497808005951747,69
1,0,1
0.698682544552482,0.457594597242021,63
0.968227191989411,0.244503512156303,54
-0.0950988610254107,-0.839950331190939,74
0.025832906288,0.00879224723137578,44
-0.451826073873224,-0.0598990738394437,47
-0.00149311353603682,0.0488406089295225,56
0.514506176019839,0.791805028863252,79
-0.0339796963474822,0.104113785082779,56
0.953679105076608,-0.296513770503726,59
-0.201834198869326,0.399442288326555,66
0.958602040910401,0.265572071344262,59
0.870529870061315,0.331938472457279,68
0.966278405329974,0.252261454590668,55
-0.292959717905222,0.209805425181143,66
-0.146483848074954,-0.98760954479242,73
0.0123713109184492,-0.0861374662548332,57
-0.0516100294419811,0.122117114386744,54
-0.285878471152876,0.551552354113486,71
-0.262237548853727,0.963724859916074,77
1,0,1
0.337143253207566,0.47141899409628,68
0.643141653902913,0.763823071674735,77
0.0880517676593712,-0.02573602582413,44
-0.0607866748918809,0.940897178483619,68
0.490300645448349,0.4986951909758,66
0.0960788989617402,-0.749916693907604,73
-0.514807950543483,0.468909903956449,67
-0.896322065884823,-0.438338642132897,57
-0.122998887621459,-0.453632701400555,70
-0.508061832510862,-0.483815356135608,67
0.303802055699536,-0.863619564990983,77
-0.401138473625751,0.113154147750886,52
0.0347077946325759,0.0337857627280481,51
0.617114484711242,0.484775817763313,75
0.99596002744949,-0.0708069928660387,32
-0.0915666336656192,0.992578867540885,65
-0.927523863543429,-0.367051653109774,73
0.630699151205223,-0.481236819433707,75
0.983217111355022,0.122169224726863,53
0.675855261773195,0.46664246887622,73
1,0,1
-0.0463613648022343,-0.11216545203481,58
0.733476623169653,0.0133612059485118,31
0.48797673566388,0.498531921069363,65
0.000208843529439062,0.0677032599124344,59
-0.805610849427262,0.374616246252801,70
1,0,1
-0.00897512417317664,-0.0282825677716302,50
0.226278267611931,0.0439165226304676,63
0.795883195651857,-0.400716102407816,74
0.93404291291967,-0.353626316073664,63
-0.961227912311328,0.0247268039219721,45
0.752907366762397,-0.429348754456542,75
-0.160916221904289,0.604910920010757,71
0.0533856001428703,-0.1268440949168,59
-0.491389816840999,-0.513404455197252,66
0.72973824832498,0.68173098846256,79
1,0,1
-0.873224002439302,-0.482629198878131,75
0.0231246874694949,-0.0124661260945901,59
-0.98953587136953,-0.00585192917192746,25
-0.562141401098924,-0.278734272861215,65
-0.532669088711004,-0.0729025617648701,50
0.999999995233542,-9.5740616271359e-05,2
-0.127003199715542,0.201788659103192,64
-0.972698844213793,-0.0317873087008323,49
-0.558705830457625,-0.82602129741656,62
1,0,1
0.0870366956613471,-0.99354153405049,69
-0.00866167013704539,0.0211335418136133,51
-0.0340089115969872,0.0971485283106207,56
0.999999782188226,-0.000647200701498311,2
-0.557933304624725,0.196707141201875,61
0.99322351658766,0.103762934327052,36
-0.0711339763604149,-0.673493825497826,60
-0.983673530598673,0.113392091932776,54
-0.421574470047724,0.618211209442668,71
0.154223250241576,-0.359197232222322,66
-0.265043362372317,0.178552314515978,62
0.0156165030025157,0.0982781738526896,22
-0.777015603885991,-0.0706389954219507,58
0.01036023378234,0.0712671113990276,56
1,0,1
-0.97732198646063,-0.0606431459509651,49
0.161514135994131,-0.984977040890569,74
0.999999388576561,-0.00108434954119511,2
0.460432598255384,0.0383812868427321,42
-0.169172719724706,-0.180588122554275,64
-0.106588648647969,0.991846176868675,68
1,0,1
0.0422372423460273,-0.200975378935017,51
1,0,1
-0.128052044948378,-0.828246434104697,75
-0.645144053308904,0.00135917512671541,11
-0.586261067533136,0.806355140171442,64
0.99630327533217,0.0671271068799992,27
0.944322639395408,0.32515030429024,61
1,0,1
0.681333199073417,-0.632759825492287,77
-0.782228561140221,0.240492487023378,68
-0.00930707846070267,-0.0197003332887643,53
0.999999964866805,-0.000259930444292457,2
0.365841294550774,0.480415028583101,68
0.985725326065856,-0.152129696442731,47
-0.00216080501012528,-0.0329805510476013,46
1,0,1
0.542990284033752,-0.712650240772202,78
0.381272229142241,0.484478121422241,68
0.883294439470458,-0.316865280227906,67
-0.164458446749677,0.364710673369848,68
0.104411257126933,-0.306082927318648,66
0.788063549860811,0.61307378234346,72
0.0032140827625442,0.0724814681340124,53
1,0,1
0.791431511045582,0.608753528700772,72
0.943056261460444,0.321995915638925,61
-0.979120600778874,-0.174248164080169,68
0.948713730145686,-0.31200540787869,60
0.495420250102677,0.498961414792159,68
0.336586755916299,-0.471228775230509,68
0.184920347354261,0.388348723746538,71
0.957638393189105,0.195309773227497,58
0.90952253436924,-0.365414686084388,65
-0.554344441492848,-0.355933110956872,66
-0.701816617799124,-0.710189249445956,77
0.999997772956583,-0.00206948563124695,2
0.995486715728108,0.0796582377929183,31
0.176790825865644,0.00293836692412791,18
0.059344542908576,0.184167140580005,61
0.979685307617409,-0.194008204487323,50
0.928265229622359,-0.360984571586421,64
0.53001345341061,-0.498038314633592,72
-0.0211455002583085,0.956976315432026,41
-0.421015118888685,-0.0933205176610562,63
0.0824775844007857,0.276888085571547,68
-0.11073552079383,-0.834641827148279,75
-0.497806929067773,-0.435249404075747,61
0.542323299347827,0.497153605431056,73
-0.935488357435796,-0.349179449129255,62
-0.284058300323701,-0.572339656379972,63
0.643361622059995,0.710291409289722,77
0.853365414103338,0.457199070093041,68
0.91486103528887,0.400492858962105,65
0.318254683512885,-0.464043562756145,64
1,0,1
-0.202262379563178,0.00515281514452109,11
-0.804273488871541,0.589159145310275,58
0.0722773231606588,0.254339275929052,63
-0.0290788372680103,-0.0176121415278817,45
1,0,1
0.0832453028310942,-0.278097903097419,68
-0.940435553919684,-0.328812684420574,39
-0.524337971548919,-0.0379634732929544,44
-0.147956656955828,0.176306970127932,63
-0.953242129150943,0.0226554541480706,52
0.0175887806313894,0.0281222487104527,57
-0.2822452551503,0.5728158320239,19
-0.278801876475913,-0.174470060636629,64
0.134185447866057,-0.33087837597598,42
0.78468423228805,0.617359065799466,72
-0.044820789429775,-0.118139225062038,60
0.367327484194542,0.928189919336721,75
0.073201197856569,-0.994461996411921,68
0.0799191776730466,0.850016181967058,55
0.614479092447134,0.48541829847547,75
-0.123883818625617,0.22821559683794,65
0.967479209180599,0.221370536735192,58
-0.529547513217534,0.0797674717201119,60
-0.15907468999279,0.206515223587166,39
0.97293859899563,0.213640240023325,54
-0.953096971508749,0.014774657559245,32
0.99140293065794,0.0858701211022671,49
0.0682538324505868,0.15604049978582,61
0.987433089078008,-0.149249988635119,44
-0.298501572248016,0.733553896743329,60
-0.798610496216258,-0.598604542001747,65
-0.0658939566348788,-0.134145474460846,48
0.966396109256898,-0.251741285010468,55
0.95206789783513,-0.207718918578229,59
1,0,1
-0.246937887128311,-0.967763570691765,77
1,0,1
0.966900553027071,0.236852881854389,56
1,0,1
-0.0100204479922092,0.0414779994975257,52
0.588261299921046,-0.490903069492682,74
0.911502797021672,0.361664831150176,65
1,0,1
0.00319914947421562,-0.0328333955460109,55
-0.422782923787573,-0.616826211734114,72
-0.460844182965962,0.0432684845233984,59
0.605851224650337,-0.487427833906698,75
-0.382529020468406,-0.129669353727366,58
1,0,1
0.340573205742341,0.0439189087545924,44
-0.996421246536151,0.0010303252731782,13
-0.286008630900764,0.172223419038881,65
0.465441889794589,0.493456439469295,50
-0.331354891058257,0.710127201741168,69
0.158414562249966,-0.362702708402645,61
-7.43569251159815e-05,0.0619114463948932,56
0.492103444565673,-0.49872762097532,66
0.0131660162348203,0.290393479893098,66
-0.390593048469399,0.919162387975062,77
-0.264017664058111,0.963116069805469,76
1,0,1
0.946381245376307,-0.302168973330597,62
0.0425053194219194,-0.203665309152069,62
-0.537920661416745,0.702690168213722,46
0.130464830552326,0.989467061250424,73
0.993866380569154,-0.0708724385548532,46
0.976837863162143,0.207738628119468,51
-0.235496593786724,-0.899320262851579,76
0.20654078067607,-0.976761427434247,76
0.992922007768611,0.0768809955671921,47
0.0890949277179379,0.844370973406052,47
0.0374293737183044,0.869452499595063,64
-0.00961950618892976,-0.0226106299034046,52
-0.0514152942070615,0.297541147497626,57
-0.99888652799875,0.00961903386574104,30
-0.870213619339781,-0.343664067474294,66
0.903821186857887,0.401254021070758,66
-0.299461423430504,0.952543909840283,75
-0.869728927405926,-0.319615817686948,47
-0.112490915066754,0.094438515156738,55
1,0,1
0.408720962445784,-0.911001080631312,78
-0.0513846434319732,-0.297990637833109,60
-0.914685454809395,0.398137590847125,75
1,0,1
0.0287017400216015,-0.173469769498045,64
-0.90393560575274,0.420814174659649,46
0.620061340378452,-0.782783052377868,78
-0.15143427616109,0.986860994742832,73
0.552335830310223,-0.771622748212066,78
0.829362206861725,0.373551958044637,74
-0.144755069891214,-0.987712351423636,72
-0.93617831157412,-0.346153568847827,56
0.519624490178718,-0.852770835557146,79
0.999998082590337,-0.00192024023271691,2
0.0100259868955799,0.839304689471884,72
-0.159406402573102,-0.178822135034507,63
0.996059941792134,0.0720366571425056,29
0.133370021950449,-0.340341504014437,70
0.996316922955769,-0.067698886946705,28
0.575470666662983,-0.49311210172185,74
1,0,1
0.247275113986399,-0.872553013014264,75
0.619083691309433,0.484286072527024,75
0.972502323758979,-0.222949199449015,54
-0.192425007262005,0.570789066169784,69
0.614840840216552,0.732879655575746,78
-0.672576808142673,-0.233755452974981,61
0.999999942687602,0.000331988173917523,2
0.147649117521084,0.352162382497715,66
-0.990936172317472,-0.0652368394324438,49
0.521297969986437,0.721663393376585,76
1,0,1
0.955702098496581,-0.19949332548773,58
-0.391609979819521,-0.430067705694924,70
0.772269396718005,-0.417315104659899,75
-0.975202238136949,-0.19793465857165,68
0.986890874409196,-0.145161576771433,46
0.877155485875119,-0.450412263882698,68
-0.135577236564322,-0.307093250527339,67
0.754055192790992,-0.614336522482754,75
-0.63052011328055,-0.75174090389513,41
0.923433314320018,-0.260578423169057,62
1,0,1
0.664363987616615,0.470772125362256,75
-0.970339310569518,-0.236652787772519,59
-0.265286774164972,-0.324535875450865,68
-0.126349668526167,0.828919214553679,75
-0.90822943049024,-0.41480199443427,63
-0.969196150613456,0.012722238281066,32
0.0440320801748733,-0.209278825671716,65
-0.0944490708212119,0.430443986727608,67
0.816938401880518,-0.384034075316981,73
0.122764093072351,-0.325299857909357,65
0.913136839789638,-0.276586195082679,63
0.365666776910788,0.480362798581769,68
0.871294638281317,-0.460204906026329,68
-0.167455876130192,-0.00536255720130197,25
0.231971306730254,-0.422065944417826,72
0.880067757540219,0.445173138102473,67
0.468737071293567,0.495357423620093,54
0.767770878642134,-0.623643009213549,75
-0.122082042399395,0.177470687973869,62
-0.277624822740053,-0.607115667345702,66
-0.77390676050058,0.295817393177713,63
0.544760918338054,-0.496934174162778,73
0.028682505207908,-0.155443704111919,61
0.658623470851038,0.472704154812158,75
0.00479022539445073,-0.0922302570147581,60
0.224709457909503,-0.417431490279031,72
-0.294539745625217,-0.171046380307186,62
0.910924754526879,0.279783088792112,63
0.999996211510785,-0.00269917425272495,2
-0.189788527407715,0.18290881357119,64
1,0,1
0.950438176927371,-0.306848529851596,60
-0.0915545802201688,0.0404566369072832,49
-0.697082175045045,0.509195903165307,55
0.359307512711695,0.85064046961341,77
-0.0222104668979374,0.0771901017088358,55
0.999999992552409,-0.000119675773742268,2
0.218737570013059,0.413410553569223,72
0.061221038928802,0.994745218010424,66
0.0445256012079593,-0.994682763370244,63
-0.299409424053517,0.22283940236728,64
0.849379016701406,-0.494290649014548,69
0.0107469596568118,0.106570381521809,53
0.0443981293782063,0.199032132462065,49
0.150922137175425,0.876873948804504,64
1,0,1
0.144578423496735,0.858896256769307,59
0.0259731715900613,0.163541160727396,61
0.999994646394489,-0.00320863930452005,2
0.999998661597596,-0.00160432196348155,2
0.519632806248983,0.852765612424914,79
-0.713108003461088,0.698672527043693,77
-0.463415779764221,0.560147053361583,73
0.624360551947496,-0.482942162251721,75
-0.633129745617246,0.5113510864447,61
-0.126056890924711,-0.779907071332612,74
0.950913288082937,-0.305025728847823,59
0.595806945791859,0.801349607567082,78
-0.0415323768717659,0.106527702544401,58
0.986033731010374,-0.110964952226643,52
0.0749155833850065,-0.994326651345893,68
-0.521567850923028,0.439652532891393,65
0.991554277983722,0.113448891707838,41
-0.921337965169031,0.0234579455500249,36
0.649063532570854,-0.475808444893772,75
-0.125958970746519,-0.236419084394334,58
0.517662580926117,0.498671821361619,73
0.568605031868556,-0.494157412314674,74
0.0394054192693591,-0.190382210029653,61
0.982891246200885,-0.167768311452212,49
0.336083961669303,-0.856551211127262,77
-0.557053946061445,-0.299732641362235,70
1,0,1
-0.114484301510527,-0.833252774855865,73
0.00845756318124724,-0.0459407655128462,55
0.999999963320067,0.000265590533705548,2
0.0901533559114114,0.748269176436243,73
-0.276620240249482,0.956855237547285,64
0.336064244428531,0.471048979644308,68
-0.278919384440844,-0.602825828807168,64
-0.00659369691919343,0.0598348950939416,55
0.176576183336586,-0.381187599845094,69
0.952882955614325,0.299051264581011,59
0.00322036764381567,-0.0271872246667906,50
-0.21156764284088,0.26977628022894,51
0.0114776372419979,0.0773924607143817,57
-0.950246872802983,0.300537904113285,71
0.299736500762498,-0.449606625033606,45
-0.26873877646576,-0.478615651093983,71
0.405052564210753,-0.489733229400522,68
-0.270054935720843,-0.130466292607009,53
0.978694420535703,-0.137887162883144,54
0.973969406202079,-0.152701049393997,55
0.351630536582923,-0.93121499714716,61
-0.184477449965047,0.00247678961459391,9
0.996517187464954,0.0628977240723781,29
-0.312409441677557,0.724710635508847,66
0.999998998446404,0.00138782693134201,2
-0.10300216735137,0.134825729621003,61
0.206647974604333,-0.0430713873915335,61
0.0418722487073263,0.199580262538919,49
0.999999648756514,0.000821868674325835,2
0.828059143665483,-0.374549098970279,73
0.0513642226880401,0.223114397170703,65
-0.0757253765403507,-0.0195034341399593,61
0.807900049420505,-0.551758407498161,70
-0.0460620965702089,-0.0108030426633819,40
0.890345905078024,-0.442681371367653,67
1,0,1
0.822435777588864,0.379533147456058,73
-0.344779840763942,-0.698560771787755,68
-0.832305862227585,0.504741082535205,30
0.992329903166719,0.112408228353023,38
0.419616968456199,0.4922883325218,67
0.01973714684887,-0.126208469321416,31
-0.997256694653578,-0.0375566330565664,15
-0.173662563511529,-0.373381917651871,69
-0.984907675935515,-0.131683205113281,57
0.67474699947659,0.68623234666423,77
-0.127304368465378,0.199533536955174,64
-0.441728075922536,-0.591604854142896,73
0.997632115073231,0.0441319640676681,20
0.949432254228313,0.309922676527528,60
0.867966349857016,0.334864476247601,70
-0.860816305854932,-0.504569960134021,75
0.995945148692325,-0.0737367566680346,30
0.965471945882912,-0.255586475588745,56
-0.961615639561098,0.026073977329561,45
0.249647802418448,0.966736323902077,77
0.729127329186855,-0.682395289663201,77
-0.0122678733036633,-0.0733315519415963,58
1,0,1
-0.295595566027015,-0.169319501333139,66
-0.0291207819216339,-0.00769267155719539,35
-0.112388961505571,-0.0694339241794563,54
-0.915783459003944,0.395293094704424,72
-0.240387595384409,-0.301674219441214,63
0.300127268504778,0.951430110994096,71
0.230536326904056,-0.421166699268467,72
0.215968945838172,0.411315155172751,71
0.996930259787793,0.0566393257943444,27
0.23722458982358,0.425277466638567,72
-0.104515802451893,0.145988892373236,63
0.541549929091354,-0.83903980464656,79
-0.155961958215937,-0.178111889829518,63
0.0869056880191917,0.00440875947656139,23
1,0,1
0.991958180012045,-0.113042642436155,39
-0.415606094259719,-0.0997407049105545,52
0.203757042837343,-0.402948181154775,72
-0.129924132120103,-0.350136982559818,69
0.0922216322777143,0.0180910656506884,39
-0.0974779111629837,0.154148008787797,62
0.0064143416361655,0.0120222495156501,51
0.0173012596126346,-0.112981535737126,59
0.940443338291029,0.318381990073666,63
0.83588073777198,-0.367393813609555,77
0.970547794680022,0.235037285897266,53
0.229337954800368,0.971620780530377,76
0.615794357769323,-0.485109360722567,75
0.605278311482418,-0.681454241009563,77
-0.0611372959746752,-0.0827327075940475,57
-0.507307278714669,0.0167649885426012,37
-0.391263974252434,0.652071449663257,59
-0.274294386654544,0.527311047050086,71
0.775227675658197,0.591255505973281,75
-0.464102259464161,-0.883491461066993,71
-0.0211627238111027,0.0885470299081426,59
1,0,1
-0.000456622675644114,0.0336899925848238,46
1,0,1
-0.119082754819024,0.165457168332699,60
0.705893633635393,0.661246688256366,76
0.162079266284897,-0.363468948528746,50
-0.935341924979878,-0.0186077202640889,39
0.999999541524147,-0.000938980361734944,2
0.792466901315487,-0.403211946573809,74
-0.109720268261861,-0.0604472176629826,53
0.779069174483289,-0.586727938901779,78
0.876102486567925,-0.479163141478831,68
0.998033343284632,0.0354638208448697,17
-0.0875687638223704,-0.035949215977865,59
-0.154677262724367,0.76053732107613,72
1,0,1
-0.11673138322566,-0.449088024374731,69
-0.186251084563118,-0.915204359970617,76
0.492019189903716,-0.868972839549288,79
-0.194815025115091,0.183225690482619,64
-0.287803509577087,0.394526903201343,70
0.809518293299061,0.584441183541718,71
0.413578214544263,0.90879443271998,78
-0.335685334963796,-0.436279548503538,68
-0.980943353579362,-0.158181731271205,61
0.342803495961577,-0.937237538140452,67
-0.340607809886585,-0.150658286623017,66
-0.748941514609577,-0.0888061456230109,52
-0.565612335680679,0.821367591431742,62
0.00165094448946718,0.0541974909523268,48
-0.271150106252039,-0.17636046637385,54
0.986096527203007,-0.141897504891778,49
0.0807601624748201,0.11434918582524,59
-0.645057465983039,0.592084795841049,74
-0.624781797218171,-0.28923939885426,46
0.77930590573569,-0.624064248524536,72
-0.112573912514756,-0.161855721618641,62
-0.130400633667338,-0.181463124769636,64
-0.794593144437275,-0.382255533799837,67
-0.941061274069789,-0.0104066675093178,30
-0.87494685474279,0.479490181984657,75
0.836329305118927,0.545482989684728,70
0.256373660662666,-0.436263544321192,71
-0.987761695342157,-0.139164358578333,57
-0.109144762685672,0.0884702113927149,59
-0.0133262039692654,0.0106819976402835,52
0.00290762622187601,0.0595631304718353,39
0.446213255698214,0.821661770583078,74
-0.192601289673982,0.0111304287337911,35
-0.518347933891129,-0.022127108625829,38
0.940605703550553,0.230538902253408,60
0.934168992570985,0.313712956152467,63
0.037255341913997,-0.00539246109570674,30
0.991429694467332,-0.119424065069301,39
0.732462733960767,-0.636326122552034,76
-0.969261856107653,-0.228230241794072,70
-0.199867497578917,0.000314199454280517,8
0.96741816956201,0.171573196293908,57
-0.0493976678408607,-0.0109126479977464,38
-0.0270104153937018,-0.858977751215905,73
-0.64952737745816,0.756756365434605,64
-0.421581040809189,-0.549720623264307,73
-0.00867062980349431,0.0652566349425302,57
-0.995588882956229,0.0348303813441229,43
0.546473180871166,-0.49676601346919,73
0.147676644198129,-0.352140830115471,66
-0.0877952642247306,-0.801351205772329,74
0.528360710323467,-0.498144145938056,72
0.427458431635312,-0.0409556308336297,43
0.943943701020274,0.224335241615423,60
0.841757696189253,0.505944620779212,69
0.999999830803427,-0.000570419139829191,2
0.570841978716681,-0.0312831124713471,39
0.0912106927234737,-0.0303392790997257,57
0.908648813180871,-0.405822536658371,66
0.0612068874032878,-0.170134122013435,63
0.952108875014005,-0.207634143927239,59
-0.569305684441336,0.81913886692247,63
1,0,1
-0.159450287988329,-0.178830824033293,63
0.0220629497436435,0.009637622153571,32
0.0114133916295078,-0.0782820622258227,57
0.99801445048992,0.0296190244241997,28
-0.559692426953136,0.286130083115407,64
-0.0561188066111106,-0.124552979057361,57
-0.266238978203475,0.524841109420045,71
-0.248119976851553,-0.181272129470414,62
0.754929957692937,0.653666890336291,77
0.98977562072019,0.0941563906334183,50
-0.126063290442705,-0.19732062598326,62
0.0815871252395453,-0.344795165085696,8
0.290814615983305,0.771194192524333,72
0.0338387176751312,-0.00987312442037064,35
-0.593671130659736,0.7992973026713,57
0.0427808243657302,0.195048067241742,61
0.64066099057745,0.0216320729216487,44
0.318201668554203,0.464171919961407,65
0.235049375526355,-0.76954381787062,63
-0.0347701748966924,-0.697316217755422,72
0.0361392375849959,0.237890108615384,62
0.112143215946387,-0.033912687280248,61
0.551718876264309,0.496202799797705,73
-0.231095614949264,-0.689469377691736,66
0.941579315390939,0.315108490863859,62
1,0,1
-0.326614641073965,0.713982748961189,69
0.358581238507228,0.478271221167722,68
0.932551413317402,0.338354074535658,64
0.999999443155106,-0.00103482136173346,2
0.999999816795784,-0.000593561931054306,2
0.0418765192062384,0.191711811421022,62
0.999999952537542,0.000302115797947441,2
0.969710217078755,0.233920155137343,54
-0.440765633182005,0.592982203280002,73
0.0213121253283863,0.131773006068245,58
0.950019448611788,-0.211901839042517,59
0.856993411456149,0.346735726070816,74
0.01687117826029,0.10932044134063,58
0.00957526495121497,-0.100341576974153,47
-0.955213419059483,0.289496231522667,65
0.999999987372873,0.000155829833214116,2
-0.3038209248783,-0.291714347011231,67
-0.0784620407692809,-0.141826988838101,62
0.215457787819664,0.974812687496743,76
0.075812204850941,-0.994254719258059,68
1,0,1
-0.716072234558751,-0.161548858102803,49
-0.174486968948539,-0.235794141211483,66
-0.527017827509081,0.825461393478626,42
1,0,1
-0.0732103863857803,-0.846942982082493,75
0.790985775673577,-0.572834860519259,72
0.447224980294698,0.493773875026961,55
0.495344682154744,-0.498867125570139,67
1,0,1
-0.97476957916936,0.0381339906802354,47
0.661024590588046,0.471901264736565,75
0.721764703123203,0.690174610065958,78
1,0,1
0.993373567872229,-0.102205149311525,36
0.981278771575173,0.129479569651175,54
-0.518775056231935,0.0585143306218011,48
0.225058706746506,0.874779727377649,73
0.747224814822979,-0.432660314994357,75
0.970045976109502,0.23751147063591,54
-0.943001354694417,0.324878788810079,65
0.598660249934947,0.488963541983049,75
-0.265977968266003,-0.635954234773273,71
-0.0637893243633255,0.0145736929141778,59
-0.988155713396833,0.0954903252868123,52
0.892104818670102,-0.305666284205536,66
1,0,1
1,0,1
0.470109515874211,0.854892344640898,79
0.975944241340079,0.201119271990572,53
0.449241906616621,-0.891833988291502,79
-0.510849088447587,-0.035739930733423,42
0.428691107582208,0.901898680977937,79
1,0,1
-0.0352408790648083,-0.0971293009480427,59
-0.559202105765429,0.212043891563874,66
-0.1033671458431,-0.15720628469961,62
-0.00991347159210476,-0.029672903433231,53
-0.312878661401148,0.724355709496507,66
0.156666680020012,0.761401360781182,62
-0.347573701785048,0.695523220192823,65
0.999999904254044,0.000429100023447123,2
-0.790285362010685,0.123612786044177,56
0.102212572764076,0.303490457481942,67
-0.457726638378402,0.886803783275736,71
0.419750225318047,0.492310634951412,67
1,0,1
-0.984915470046236,-0.104412244272625,58
0.485072514233618,0.805785528910152,79
-0.906199148272349,0.415146054840416,45
0.292456352335352,0.865654098073912,76
0.236036750170639,0.873758228356005,74
0.355775374631103,0.844059585121664,77
1,0,1
-0.00110188323000565,0.0420280221829749,48
0.00519518376636213,0.0261825381570324,52
1,0,1
0.798526863815315,-0.599475877638365,72
-0.00234130070138799,0.0471586229247725,55
0.0144417014123341,-0.0969621136995177,58
0.892296685211025,-0.423415920224716,67
0.851552348154169,0.521630306159464,70
0.997398818359949,0.0483106308170914,24
0.939887505188428,0.319811976117054,63
-0.803334801618714,-0.589993140208072,57
-0.446330356222989,0.0655056472062525,52
-0.41348891775401,-0.100908469792803,64
0.916406540183386,0.271323372974392,62
0.00323801010057401,0.0870272089319492,10
0.999996839208967,-0.00246544806813314,2
0.999999393896832,-0.00107962152774187,2
-0.974531555133154,0.0532858104435177,55
0.137244865365464,-0.875865193443346,61
-0.275697793292516,-0.175381228211007,62
-0.530286640727358,0.0502242823632641,48
-0.132786325456405,0.352112810000749,69
-0.312672669771558,-0.948616129102975,78
-0.459767945077669,0.568060680657883,64
0.778685123902693,0.412847778828589,74
1,0,1
0.983179758252922,0.175033936167836,47
-0.506982088336057,-0.854065701152923,55
0.178659087052882,-0.383024103040895,69
0.988346286414636,-0.128821880383735,47
-0.312675674389584,0.948621109030106,78
0.999995543796813,-0.00292738815366961,2
-0.975508512314395,0.197643220251141,69
0.999999984884921,-0.0001704918148835,2
0.913734159518388,-0.275230673190189,62
1,0,1
-0.0451776492732422,0.111270743562185,59
1,0,1
0.00551317303670884,0.0260430950114743,53
-0.997437560675694,0.0443993510191415,46
0.946537660561569,0.301533244995397,61
-0.00450189809984863,-0.0365262802250264,56
0.708062452312477,0.00772311427363354,26
-0.730052530856465,-0.133034401466535,56
0.99770443249959,0.034558366092043,31
0.0288216235541109,-0.15885915121365,60
1,0,1
0.86691226584062,0.336182762415288,71
-0.387685246673047,0.920388203196403,77
-0.361803572879367,0.930966899799809,78
1,0,1
-0.0303063691664301,-0.101390644524346,60
0.928673445084528,0.347546656493038,64
-0.981022426469265,0.155655454429457,65
0.0020188865253648,-0.037637924370879,55
0.92934721307777,0.365598650317734,63
0.0811644951535943,0.274832984510151,67
0.936648688234091,0.346514268001315,62
-0.367305875108024,0.678225594145205,69
-0.00207443363884524,0.0531624799414153,58
-0.329682138662354,-0.15663547090467,57
-0.0586084842606882,-0.0661694700066079,56
-0.496466023846846,-0.49736803925756,48
0.445806395037596,0.0398892797222759,42
0.725082261862311,0.642154665900551,76
1,0,1
0.971050498420714,0.208715946296914,57
0.362911743587538,0.929633769068027,73
0.0389058131151218,-0.217589419177713,64
-0.463091084785785,0.040555732544003,53
-0.20227094865905,-0.183505315678592,63
0.872503249218892,-0.329770659400012,68
-0.810127287428418,-0.509461975274646,26
0.990922398884127,0.12134072992989,40
0.791339281715423,0.59510246418275,72
0.880820338337511,-0.443855042663766,67
-0.116125516092165,0.163918733602134,61
0.181351065177794,0.385357707117154,70
0.96383726072042,-0.261460783134171,56
-0.173714106258052,0.181263712322776,64
1,0,1
-0.0426334355765678,0.113875081050074,57
-0.0415191074254677,-0.974085979901354,43
-0.0959150773727744,-0.00928952060283444,56
-0.10263083797411,0.647015523465799,49
0.407797609574971,-0.882555310549083,76
-0.164093975645134,-0.179745358174718,64
0.241038546786848,-0.873184188237825,74
0.325976548456285,0.467346146879734,67
0.990003047968163,0.0931131340137134,50
-0.533381819080644,0.0840530376394702,50
0.999999329878577,-0.00113520684899127,2
-0.133081192238669,-0.184526834987817,63
0.15637917390943,-0.0393217829409638,51
-0.3822598923386,-0.129788700276991,58
0.406978022105204,-0.836243771633756,69
0.999999952537823,-0.000302114903612377,2
-0.302266511262765,-0.352436132259701,69
0.994721158175528,0.0885611923202534,33
-0.985608420598992,-0.0940663466676928,62
1,0,1
0.000811082200153523,-0.0691176033032487,57
-0.267936051187934,-0.631867575100335,71
0.318072925263801,-0.46397489360776,64
0.718690947711326,0.447940512024598,75
-0.526388782465841,0.373501194305531,69
0.275161771192476,0.445442702021895,65
-0.343465656147595,0.937885783448373,78
0.971324895030176,-0.231857430307617,53
-0.25210934413847,0.660789547461625,71
-0.463309600252191,0.560323166415142,73
-0.975239493963687,-0.0464223647782294,45
-0.0637416865058732,0.129568667140065,61
1,0,1
-0.315021999570364,-0.163930089988155,59
0.98095535345579,0.130573840823903,54
1,0,1
-0.0325135300536248,-0.103859999139746,60
0.00521705311201942,0.0196629734671006,46
1,0,1
-0.0624635448669268,-0.129391338508119,59
-0.972573043484573,0.140729267810092,66
0.985341103288866,-0.154148696885635,47
0.730853282478711,0.441674990180793,75
-0.994333917188406,-0.0644774220850618,49
1,0,1
0.0288859529259449,-0.15868749125113,60
0.516622771823792,-0.790749761408212,79
0.95968796041221,0.190713506451683,58
0.30939532877259,-0.947566835095251,66
1,0,1
-0.984406249857026,-0.0714616758375082,55
-0.959989169853371,0.275211456323932,59
-0.23232751489186,0.777645734456357,68
-0.847196582890792,0.527889191765947,71
0.872179311614291,0.330123739234,68
-0.326021120575148,0.714460062308519,69
0.990801546103154,-0.124659433521142,40
-0.0688117784674737,-0.848244516548295,75
0.84105175783138,-0.362532521973238,74
-0.12979539300331,0.272553147254192,56
0.629728499666379,0.775052873978528,78
-0.368540064140973,-0.677049405920192,69
0.950262996385321,-0.3011059561206,60
0.999999995252633,-9.55486923984604e-05,2
0.999993951226057,-0.00341060412959841,2
0.00510849952388265,-0.0085738676349888,53
0.999998486671625,-0.00170594389015,2
-0.0121324933377765,-0.0557795051560663,50
0.892685984590319,0.447917140475866,68
0.819834432516314,-0.38165179293069,73
-0.990179582205007,0.106390836614285,54
0.311034026926029,0.936102896054226,49
0.555288403684561,-0.0323672621414522,40
0.979268950771521,-0.136049889697494,54
-0.993202737685305,0.104642652392311,41
0.892022979068781,0.305635496711211,79
0.928226548810334,0.25292408054337,62
-0.0679848999019792,-0.138590120721551,61
0.996450295479786,-0.0664573351900392,28
0.0306735723673021,0.258634532230432,64
-0.619395254849497,0.441621962542304,72
-0.111266851815284,-0.933295892247513,74
0.595297712533495,-0.801724875106672,78
0.840344030606921,0.539335781844147,70
0.0144021783801447,0.22236919405296,33
0.991376892817106,-0.0858737227240049,49
0.979627238054574,0.193819932515583,49
0.280639204464422,-0.867746303739246,76
0.996254330342383,0.068950106750049,28
0.293739606498739,-0.953879043938893,74
-0.687003882130836,-0.724650750056983,76
-0.971126689469311,-0.221789407737104,31
0.984684544726234,0.116229310152074,52
0.778861681155561,-0.587155755658956,77
-0.0215871230549535,0.0744915692934419,55
-0.502211079298213,0.492902698765197,54
0.982215354563759,0.125704825364056,53
0.0262384530639121,0.149485894546412,59
0.999997134840365,-0.00234732061307342,2
-0.0139469505170125,-0.0716666239896399,53
0.433014224447763,-0.0395166479564287,56
0.93355668392268,0.243519208522385,61
-0.193702250362775,0.393570630830136,69
0.567584019531668,-0.494304508484088,74
0.785103147086089,-0.579788975185522,74
0.900011106835401,-0.432907476251698,67
0.914870205949477,0.274073995977443,63
-0.987199349217872,0.144732337700512,27
-0.0679318442199566,-0.138518021833061,61
0.989320344990727,-0.136099557621518,42
-0.984023682472243,-0.13131990713499,65
0.70914333551617,0.70320629712935,78
-0.981506031272765,0.185063689716365,57
0.624063414746742,-0.483019999548929,75
0.0306044754222798,-0.258621723626386,64
0.64093685984968,-0.478299382183563,75
0.0275357485694727,0.993503323233914,59
0.00283686341997291,-0.0326191258200562,54
-0.00650189867509438,0.00947867978588052,56
-0.317595329098227,-0.720911510301142,67
-0.840970285912486,-0.538487556650001,70
0.0809443386417911,-0.993826873433773,68
-0.559605728733694,-0.19390030262506,50
-0.321753061402178,-0.43606366886195,66
0.165340854813196,-0.877424696500987,67
0.864936188798296,-0.470515368160563,68
0.980595273903911,0.131780572201231,54
-0.983389754244306,-0.169039836652262,30
-0.43812672329864,-0.0755539779424854,63
1,0,1
0.322891904756748,-0.466081862524911,66
0.977253711948771,0.205887059755467,51
0.99999999005077,0.00013832257716925,2
-0.896816422653908,-0.436292416254912,54
-0.272664785594448,-0.487158615995695,71
0.270515628027232,-0.960956747852501,76
0.999999979287877,-0.000199577068031985,2
-0.960605710939486,0.264849569107924,71
-0.0475221517180845,-0.11866325481238,57
-0.00813270645952568,-0.0196006429108821,49
0.99999810890362,-0.00190701866434247,2
-0.454477783358726,-0.0523731913378133,64
-0.587376076719522,-0.804533512351143,61
0.242564595614533,0.428462560890478,72
0.77889476978104,0.586949426184508,75
0.994915793750433,0.062907881156582,43
0.918898141977654,0.383199408158716,65
-0.615297587015971,0.784067587216182,59
0.00852195864252381,0.0485197223360234,55
-0.982585052642548,0.145479058475357,56
0.883331253060686,0.316875963491606,69
0.999999485213736,0.000994974028200767,2
0.215450922853983,-0.974819919630216,76
-0.976926108856858,0.189506113247921,63
0.103905459880309,-0.03215263064579,40
0.978851467464725,-0.194373741512722,51
0.705884320370107,-0.661252198059597,76
0.941647748810081,-0.332593127758524,61
0.995370471881847,-0.0780555691821149,34
0.300394367183599,0.951353534303897,71
-0.013651599433506,0.0520942889056944,57
0.629981864546109,0.667036564995914,77
1,0,1
0.750792448951312,-0.617743400940893,78
-0.515543700682941,0.438543416914523,63
1,0,1
-0.83404573928307,-0.546741746088992,58
0.606217757647195,-0.738671777327378,78
-0.362239241946752,-0.84162522250689,68
1,0,1
0.994499047239635,-0.0910515999462124,34
0.476801769861865,-0.851559802472399,79
-0.142623382051619,0.359734625394231,66
0.00745434955485041,-0.0439588449991023,52
0.754468497790783,0.428415212968944,75
-0.985668692327309,-0.113407527100401,61
-0.41770152129726,0.906791172173605,74
0.250500715010216,-0.0430814822320199,34
-0.0435060441114166,-0.108429094921655,60
0.999999905745543,0.000425744714399357,2
0.277434453288563,-0.958994472458851,76
-0.173742558771563,0.808778820561493,74
0.989448536465082,0.12841711050398,43
-0.549746721903381,0.357223454282244,47
0.0963657798494578,0.296492299089623,68
0.0708828990993037,0.251052451042325,63
0.675699379447957,-0.466569604533771,73
-0.170986407832218,0.0021688587704573,8
-0.161388719135917,0.985409717772761,74
0.0111253406900064,-0.0889518954739248,55
-0.00827412790083015,0.0309160640172878,49
0.137115496261785,0.341431472181795,66
-0.463264163819824,-0.42555891653219,54
0.874676189927888,0.482012142591099,69
-0.165001106440791,-0.366531084833362,70
-0.455305843776061,0.887975728222559,71
0.747502311237354,-0.621164480877697,84
0.56008315829633,-0.49531897277356,74
1,0,1
-0.0032374803819355,0.045145546775209,49
0.00761069298394712,-0.014391444433826,56
-0.403410036479023,-0.406589467783835,59
0.997340399107047,0.0500656898162024,22
-0.0431116380629474,0.0584910161798949,58
-0.363051039008868,0.38873858136113,70
-0.521181322827622,0.452322337136409,58
-0.314943895977152,-0.435694496107934,65
0.999999991216701,-0.000129965227875561,2
0.763302465650323,-0.563181854053419,75
-0.545663111984787,-0.833359765567365,59
0.633855483675422,0.719564355904852,78
-0.942968307716758,-0.232941120886126,58
0.989631757902675,0.127304520069207,43
-0.992193823486051,0.0338043794909382,42
-0.0142620479655393,-0.338620012142891,68
0.246860426177255,-0.87260559996113,75
0.999999797969547,-0.000623313774331161,2
0.951647680597122,0.286828569065885,60
0.267008320776291,0.441631998987093,67
0.602828705720202,0.796095188637462,78
0.294340801565065,-0.865438118826542,77
0.0428948453368195,0.205709110044022,64
1,0,1
-0.781228949298086,0.093134798214097,62
-0.247835481622928,0.181289591071987,62
-0.197696910282815,0.18336802667936,64
1,0,1
-0.225534607417435,-0.973003078782721,77
-0.911625962150708,0.406674141883776,68
0.955005801057239,0.201577396872603,59
-0.363428011096467,-0.13821147694319,64
-0.207063592948987,0.403376513703497,64
0.515353144937288,0.855355159914015,79
0.662311507768704,-0.471468113030284,75
0.0315877469014742,-0.868833200978865,65
0.920739011048718,-0.342997430371107,64
-0.0144723361592978,-0.0743264537152264,55
1,0,1
0.974366098061217,0.218968716686095,52
0.864951238047109,0.470509301543823,68
-0.00367369372101695,-0.0325523293145499,50
-0.785945009076814,-0.615927205412732,73
0.565337785948789,-0.823230084576593,79
-0.98811877334429,-0.0433307933550744,45
0.431308906918431,-0.900651052832215,79
0.693240772131589,0.0138416590475093,33
0.435341903604056,-0.824668488534553,65
-0.915940089764507,-0.395321514077104,73
-0.00899931874811982,0.0239032118157602,54
-0.223539532364449,-0.065641808118031,57
0.957201523115605,0.196273124956447,58
1,0,1
0.414891994910358,0.879737394228788,77
-0.0237108528178712,-0.0777274327068938,56
-0.932090238648135,-0.3564364703334,67
0.152158697140768,-0.356978138849385,66
1,0,1
1,0,1
1,0,1
-0.509806547230244,-0.0397844735300358,54
-0.0107498879176258,-0.0157044779664099,50
-0.438072346753156,0.415795284146923,60
0.50528535249742,-0.499040060694928,71
-0.259437344433777,-0.00181280325156757,16
-0.166023088141959,0.0187473482583844,49
0.429287301805042,0.493426400002289,64
-0.0329707425760796,0.0252290476683858,50
-0.872963576572225,0.318261681446725,57
0.0287402458483417,-0.17353745629156,64
0.110481126129623,0.991566728491783,71
0.94826197650426,-0.21541236701364,59
-0.0255383970925451,-0.08350323012409,55
-0.0610360520433053,0.127029585826392,61
0.408176415021301,0.490347543781275,68
0.940016474375937,0.33056231758156,62
0.929880508858335,0.364266176554109,63
0.99999936607748,-0.00110412017571003,2
0.25338499066805,0.00261069468931696,16
0.809454327414658,-0.584516073286379,71
-0.000478589180635536,0.0426453200590336,52
-0.829493786093422,-0.547261199203666,45
0.00670519612619019,-0.0942946596367537,56
0.702221658604085,-0.664518994726132,76
0.968816420549903,-0.24216660539769,54
0.526754812023449,0.719506694459419,77
-0.680315989702395,-0.73105139416701,76
0.912835444985957,-0.382494985571792,65
0.998064123709606,0.0351897872094932,17
-0.207880645419823,0.791855252477301,73
-0.235186398139733,-0.291352159365257,47
-0.946717797159784,0.313016781910902,73
0.698124924307768,-0.714050874985745,77
0.927200442825791,-0.371189432832423,64
0.92263805017977,0.382231991371609,64
0.297126665494253,0.0448277999534039,44
0.0740422909612704,0.259212989441132,63
0.864815847930706,-0.470707480741634,68
0.619197813419457,-0.783464393306001,78
0.0508545355025166,0.195386140849452,61
0.89540329728555,0.3012940213956,65
0.0331980885497346,-0.170348720259083,62
-0.949785132145735,-0.0293949935511458,41
-0.982069362109921,0.160769786849383,58
-0.48952403377247,-0.0260641706946311,39
0.0621990225850721,0.236609796909621,63
-0.415428369805925,-0.423782566772055,64
0.521067661579716,0.498552944225206,72
-0.0115086156155541,-0.958320493270228,38
-0.783944861087793,-0.61846497949947,76
1,0,1
0.926949607071161,0.371840837703362,64
0.0760784321544768,0.264866077967833,57
1,0,1
0.0555492379969049,-0.220920242707096,36
0.465812687938044,0.493963859940048,51
-0.979732559767453,-0.172989906384122,67
-0.0797975979195088,0.0034911672067755,28
0.985900277842763,-0.111487720174258,52
0.510837726380384,0.793622147755712,79
0.999995198331229,-0.00303874234763408,2
0.926135389721353,-0.256288599276488,62
0.702346316295987,-0.398990415144237,25
-0.354587606941681,0.846131237674824,70
0.881666054721775,0.319063532924833,70
0.261745537127432,0.439083902113727,70
0.986464985141513,0.109353493259966,52
0.656082091680086,0.733825318527881,77
0.0614794533754405,0.178584121494529,60
0.563098097328277,0.824604531678863,78
-0.196554499379026,-0.395693400138995,69
0.94785517080253,0.314592260164508,60
0.995284445753733,-0.0820765292862307,32
0.941299345406245,0.229266985388368,60
-0.168792343601516,0.984157287395726,74
0.61635672234327,-0.785695100017727,78
-0.290620050169821,0.531889945464618,71
-0.457256622156253,-0.0105801173340687,39
0.0817728764473256,-0.0755770779202819,62
0.000940764590902698,0.0664528298486035,55
1,0,1
0.815086010561712,-0.385561049430195,73
-0.986943034600891,-0.0895358846125334,52
-0.985086309198726,-0.159059139894063,38
0.485283554961189,0.498336579014168,64
-0.0479681205770143,-0.385916853590031,67
-0.147673590893205,-0.197054371625996,63
0.0512777173155181,-0.994698472449134,64
-0.839479323938425,0.349068244178738,71
-0.912189340583912,-0.403826985594914,68
0.889792119302814,-0.453548584340009,68
-0.283511457039972,0.575150732655528,59
0.653615992719265,-0.474353553323219,75
-0.920038714993064,0.0188120799554448,33
0.358226394795554,0.765367146105564,76
0.559429002279461,0.495392068875739,74
-0.22515679771987,0.417070429101829,50
-0.876746442156359,-0.318138946140345,35
-0.195118203694403,-0.183192840419916,63
0.971351750234123,0.231854315145996,53
0.943920262863198,-0.224346217535534,60
0.971217113449916,-0.232795507200401,54
0.86288822240819,0.473787784780192,68
-0.969169540194254,0.0320590794404064,52
-0.984919952430372,0.151323436581331,58
-0.970205584993026,-0.225045585860075,71
-0.562123376037193,0.278546628393515,63
-0.38671734857341,0.125718100902585,56
0.176254421928678,0.380920651492646,69
0.0145266803047656,0.0964201685162125,58
0.921877116268747,-0.26300604559233,62
-0.345142534942618,0.698266073332293,68
-0.127779193078663,-0.165466330350911,40
0.578625267841001,0.492588396559805,74
-0.993879165883321,0.100624586161486,51
-0.12869323693222,0.170079311620412,60
-0.825725820675716,-0.559295601864443,53
0.0743596795467197,0.0022081572271539,16
0.73359798422086,-0.6774893814883,78
0.957188348772182,0.254317100031688,61
0.668813190051536,-0.692845797723835,77
0.982612189538344,0.177936076884622,47
0.98989890978508,-0.118692505625101,45
-0.55841214365554,-0.203846114853938,69
0.288945529999998,-0.449906613316654,53
0.00963276656636231,0.246157396035494,63
-0.988500647009501,0.108971491060395,54
0.0872431690866093,-0.99352254891765,69
0.978058652299326,0.13996588523374,54
1,0,1
-0.762474907568916,-0.343288423811251,72
0.40642180464699,0.756935410462331,78
0.991864779322749,-0.0834242260806952,49
0.794906171451612,0.568092088944987,73
-0.970306266388003,0.223556377490192,70
0.566153041568891,-0.763684903902735,78
0.432043419699578,-0.900298478343476,79
-0.330360654488237,0.942587478166244,78
0.861359225808956,-0.342166231864379,70
0.840292653187921,0.508047980317453,69
0.964160261516814,0.246715811983586,57
0.258961096787702,-0.964283751509114,77
-0.168332292816989,0.811249007512843,74
-0.205848168903743,0.97727734062689,76
0.979609935725463,-0.184221908908243,51
0.121169480489326,-0.0333281243192067,43
0.673771641734576,0.737030757058306,77
0.734311155737109,0.0102044333561371,32
-0.289559691258118,0.343362586360478,69
-0.457268058977291,0.0437386013431981,50
0.986146091394132,0.157641348214413,45
0.924453079733162,-0.357510660059264,65
-0.529727737153524,0.0792600323586045,62
0.264003592518318,-0.870251090065765,75
-0.189472152286504,-0.729395774120384,59
-0.0103355785161977,-0.941343097222317,55
0.435954309122267,-0.820467505249655,69
-0.606317953771408,0.519883217174938,58
-0.00976377349642987,-0.0182361338432488,51
-0.238666846929195,-0.502380177816936,71
1,0,1
0.0428005123399343,0.204985806018686,64
0.044520664002055,0.994669492781291,63
-0.96501580057805,-0.0305461455129856,46
-0.472624480168502,0.878782630209821,69
0.996438522378012,0.0658961058421299,27
-0.0422128845685398,0.855406150643718,74
0.169887406480101,-0.0389720135409639,34
-0.73273707770686,-0.462347474335186,73
1,0,1
0.216085024123179,0.407609526913741,55
-0.297950371521052,-0.349428135229052,69
0.0420122652004774,0.20093954373835,54
0.999999963320093,-0.000265590438823928,2
0.589143430482773,-0.806246278842469,78
0.829249008548027,-0.373431333946298,73
-0.545672828358093,0.832853597301677,58
0.914217175420853,-0.401905024174555,65
0.975829524544499,-0.147267688172106,55
0.54936954037226,0.833950607720757,79
1,0,1
0.670183277818803,0.468655724540502,74
0.00646629917203295,-0.0216271455085341,53
-0.000833866706071607,-0.0464740999031811,56
0.989498737834281,-0.128646000541804,44
-0.550785838016969,0.357471776154762,62
-0.563368906911635,0.227315806142767,50
0.0534065264998693,-0.151870140786314,60
0.898306860886022,0.297414689598725,64
0.874171639520535,0.426378376113788,67
-0.0144605771784486,0.266012724611888,68
0.99999914772827,0.00128022785472011,2
-0.464961270355283,-0.0212289480151525,37
-0.247227277795517,-0.308412771018422,66
1,0,1
0.0791881449979032,-0.27111366530271,66
0.176026036883956,0.3807174380676,69
-0.427570940717107,0.0866380157003775,64
-0.985030540002458,-0.11376304872272,65
-0.418826120377615,0.621230566691388,69
0.217407643628695,0.0430413212028255,44
-0.796138261849762,-0.403979367499791,40
0.949779034807797,-0.308830910219455,60
0.0256162454723511,0.269189957329751,64
-0.00285737369888539,-0.0504895500298438,57
0.999999979407773,0.000198998584322707,2
0.278489548586099,-0.447125749646757,65
-0.219501501777616,-0.507614921924179,71
0.906802992676103,0.418439745688969,66
-0.92382063367099,0.0165837918550172,32
-0.610027322438563,0.788584770719147,60
0.250891377117643,0.966413773726729,77
-0.963886317259006,0.250891708833059,68
0.980063461654902,0.18230515315304,51
0.963576701869494,-0.18102383131271,57
-0.144758510076069,0.987717551531313,72
-0.254034855936367,0.314904421710384,67
-0.961513581216387,0.261731823871633,72
1,0,1
-0.172216622814319,0.371670212784256,69
0.819850653112022,0.38164609275874,73
-0.130193338896258,0.275569497465208,62
0.0765650779153143,-0.251782694595179,35
-0.165670968757027,0.37367523277232,70
0.549256391578253,-0.834024368984156,79
-0.586263206850489,-0.808162841181947,75
-0.290364076010845,-0.384207078101287,65
0.794768752872681,0.401530678392497,74
-0.839610137492473,-0.349095694247519,71
-0.500896734758247,-0.49399860297784,51
0.960301740617075,0.268631230279614,57
-0.105628896734136,-0.15888586492798,61
0.416008748030761,-0.491663464685969,67
0.728291521379237,-0.595428827608674,76
-0.979847277886779,-0.0844143518761448,51
0.989145204815257,-0.123713550435719,46
-0.0265619783900235,0.957318271151258,40
-0.885141455346038,0.460939118787312,74
0.0518380872959007,-0.0215245452835512,61
0.570708121922247,-0.76099284493801,78
-0.551842451019784,-0.352876172099866,67
0.987998027581807,0.145332588443675,43
0.843168476988852,0.534951057089241,70
-0.0798170238382886,0.101231240098833,57
0.715499561660263,0.67982337857728,76
-0.393066832265,0.402157111462562,59
0.995766380359785,-0.0753478447787821,30
0.895927797315433,0.441213497001162,67
0.509938469729501,-0.858590515646758,79
-0.50941067523472,-0.481013522442184,67
0.864732985454126,0.338596021659435,72
1,0,1
1,0,1
0.0770662203360314,-0.147621467760843,60
0.038291978883486,0.217615662975015,66
-0.0617706410685426,-0.0849359106007228,60
0.988751767081816,-0.133119409550148,44
-0.11215173270894,0.645867246988793,61
-0.0444997780814785,0.85493491137899,75
-0.315735847866854,-0.866251693761561,75
-0.529810948947594,-0.423987954583356,71
0.997007524161467,-0.0552488740722808,27
-0.136334018896866,-0.928048568267056,75
-0.267931207101328,0.63186029318464,71
0.52360208647323,0.787205172544164,79
0.143073106035632,-0.347197020792896,66
0.0430568628385701,-0.198374849657181,61
0.708614211144256,0.452816178660243,74
-0.234374361103199,-0.685605048096364,68
0.619080973877825,-0.484296532581074,75
0.49778554919479,-0.498975069484869,68
-0.546409414344582,-0.36822425780302,60
-0.198378062535476,0.721392230654332,59
-0.294679348629124,0.349944772482679,69
0.674220726670705,0.467175469329066,74
1,0,1
0.159459960010998,0.877305637325169,66
-0.0215332354666876,-0.203380001338302,8
0.880182617949116,0.320674193435736,70
-0.0505827157663682,-0.0144387664352448,42
-0.39659016606074,0.916466557148215,76
0.459617654443331,0.407098514756536,20
0.414491097010073,0.908377281207602,78
0.704191799676467,0.454842242457782,80
-0.256418992796442,-0.180050943628822,62
0.00117511575914808,-0.0744759263367059,59
0.999999906545253,0.000423934733666181,2
0.314539830706427,0.462447624110158,63
1,0,1
-0.117457454875943,0.164503817967021,60
-0.24941944794754,0.664975293606524,71
-0.00863278853297789,0.00614035921808304,57
0.00853967447724524,-0.106308711428352,59
0.324754724991896,-0.939583774391703,57
0.737389660652021,-0.631457497688706,76
0.0109993683888297,0.11828728312933,62
0.997593973456458,0.0362378247937648,32
0.297204184885844,0.437633821629643,36
-0.451973172260203,-0.421640191983118,52
-0.974488384795147,-0.200403339225379,70
1,0,1
-0.372867808674689,0.39362471476963,65
0.973803628534372,-0.221212782643133,52
0.335972954972619,-0.471018055285514,68
0.880835973096501,0.443849248291343,67
0.0352000527725854,-0.016612485938341,59
0.999998351328412,0.0017805952743935,2
-0.319321051233466,0.719543909891676,67
-0.382394465560115,-0.129729950609619,58
0.0592964392823182,-0.0125710155065287,60
0.444332941272737,0.494028610277696,57
0.0742295390855346,-0.259196972500658,63
-0.514035757979044,0.736834630804413,64
0.979629023412301,0.193811450940272,49
-0.638599757289391,-0.762170508349143,55
0.834557894944985,-0.368844692899335,75
-0.130465762395182,-0.27786381978409,64
0.0539025317388124,0.226548413968155,60
-0.0100965890073916,0.0355060189990636,53
1,0,1
0.000131397462452942,0.0671182568892081,59
0.732750796960282,0.440666565885503,75
0.0478118750239346,0.188373147652849,61
0.98437174340736,-0.159779282084855,48
-0.63568481423051,-0.401182571672727,12
-0.282145116934665,0.517729184408192,71
0.406040798058468,-0.912203564273987,78
0.975854902308614,0.14726084219423,55
0.96555443585438,0.241966868051006,57
-0.199622323819691,0.978577887918107,76
1,0,1
-0.960895296188872,0.0272564483372909,38
-0.959500120059247,-0.269291349766633,67
0.938936848689714,-0.340353358967405,62
0.609709609958491,-0.486553205701549,75
-0.997452254177282,0.0558871070592123,46
0.999998359764594,0.00177603382111272,2
1,0,1
0.847112981338225,-0.49812798657515,69
-0.413545849993255,-0.627376569112825,70
-0.317414494077876,0.947038388616918,78
-0.438028191965296,-0.416155416380304,62
-0.951999819045787,0.295805563685676,73
0.999993949136388,-0.0034111932074209,2
-0.988034632027691,0.134085633300628,57
0.577755547209917,0.792511210887085,78
0.999999989373015,0.000142956318469747,2
-0.0176741141299945,-0.0240698401434877,55
0.839305999166765,0.47648245114103,69
-0.986246700299069,0.0770512975006502,59
-0.348475405137611,-0.380925458762895,69
-0.0749944102366594,0.00642230447849046,29
-0.126010014839368,-0.190660524724394,61
1,0,1
0.90556661565965,-0.28725906897723,63
-0.882906421971918,-0.465293912744502,74
-0.0622124294591607,0.270498172042833,26
-0.468503393620243,-0.881167114610818,70
0.309257241466666,-0.770271682883586,73
-0.260731101933914,-0.759110231519588,62
1,0,1
1,0,1
-0.392380665565685,0.823350578900955,63
0.938872190408698,-0.233647397287561,60
0.434757992475835,-0.493881972670578,62
-0.0648087800757114,0.130962802802164,60
0.820181576204559,-0.569493170991713,71
1,0,1
0.755808294237076,-0.570434510899485,75
-0.732859700975252,0.120675805762569,54
0.988235572730926,0.137072182095065,45
-0.0436232222664579,-0.108492056364968,60
-0.40092928338277,-0.914587353596658,76
0.954125893471185,-0.295113540717719,59
0.986149147198838,0.110606096290011,52
0.999999585481331,0.000892833194643241,2
-0.0461636003553217,-0.119731398244186,61
0.953050386039217,-0.205676151425595,59
0.936041845966525,0.239217919881973,61
0.827333800271342,-0.526364668446765,70
-0.00907657734112466,0.0630616324945764,54
-0.417725601567572,-0.906784325982176,74
0.971030320717705,-0.208719574902085,57
0.0254417447961953,0.148893438983464,59
-0.736559241012411,-0.673844721292615,77
-0.63770299143516,-0.761497827890236,53
0.315926956249278,-0.462990117702039,63
-0.39327518346374,0.649159868614819,57
-0.0830005439621518,-0.421058474982019,69
0.947441212555526,0.309350328396538,60
-0.785862217251778,0.615903930764118,73
-0.511603416068562,-0.475660656019055,63
-0.261548725496837,-0.321365908250517,68
-0.932979867028022,-0.000475894765242402,8
0.965747098245539,-0.254119961902935,55
0.00422675693924106,-0.980291806958255,46
-0.9643501575342,-0.251059891797452,67
0.622965667993697,0.483296171913088,75
-0.978107256514797,-0.178979096852308,69
0.981742099185067,0.173998619396356,50
1,0,1
-0.98317688238984,0.131690391802848,62
-0.727360632005499,-0.683787076211026,77
-0.126485120245538,-0.989893335949696,70
0.629256247513611,-0.755467930105349,78
0.210681426157953,-0.875937604099849,72
0.987678970731756,0.140253489991122,45
0.975380863791737,0.203399253476236,53
0.00860334382406375,0.0143773453479841,48
0.39449716678376,-0.759405651700799,78
0.989739547762065,-0.126409806231273,43
0.97805324892731,0.139982786431472,54
-0.981074282336167,-0.160321025155539,66
-0.788075367893715,-0.613142674691444,72
1,0,1
-0.0670814681408904,-0.797986080615537,48
-0.25450199726787,0.454523567156939,70
0.553632608992352,-0.495997178523217,73
0.215663132876231,0.409306043597539,69
1,0,1
0.974289146145731,-0.151782233348359,55
1,0,1
-0.191368626980081,0.183018033921879,64
0.321563961090086,-0.769409546730784,74
-0.535383410830306,-0.36764725492163,63
-0.372483869644487,-0.132663674906169,64
0.0293452514060057,-0.174520945712822,64
-0.690329198212213,0.721438073906017,76
-0.526153682985525,-0.435646262179457,75
-0.951504177020755,0.207442272664181,58
1,0,1
0.989223260628618,-0.130305984645406,44
0.732834297594367,0.440621948970846,75
0.050538916717771,0.143343034516081,57
0.147724160011631,0.876897763638564,64
0.980953232479949,0.130580907630104,54
0.905148478821469,-0.287831521060635,63
0.530586660221554,0.84600394372017,79
0.221683018993995,0.415419300644426,72
0.999997701239141,-0.00210254336625762,2
-0.954199486526,-0.0317393484651961,42
-0.173153348165337,0.592543014737388,72
0.999997543752545,-0.00217337219267479,2
0.132264353400238,0.337129987021207,56
0.98710054485653,-0.151201264114041,44
0.999996270291753,0.00267815267905895,2
0.854441904535507,-0.487151375788634,69
0.0758122961482047,0.994244199081031,68
1,0,1
0.642804733179683,-0.764271628140865,78
0.672308154471019,-0.639234649644485,77
0.0521916782166461,-0.00852687819409714,35
0.33330314294525,-0.857212758517049,77
0.98987635434984,0.0936957540429858,50
0.968785648207055,0.167490024721635,56
0.996778963644125,0.0598852773768998,25
-0.50291899417849,0.858743023518396,59
0.658158731359527,-0.472862105707062,75
-0.529330391999984,-0.425710402400987,71
1,0,1
0.602639552776638,0.488121712822558,75
0.895073364297206,0.391916965630257,66
1,0,1
0.503752621612461,-0.862230270118453,79
-0.887671128978246,-0.455928688171334,69
-0.0960293878488941,-0.15363651720034,61
-0.0310048566500378,0.101682497200274,59
0.756360556998126,-0.651860247168813,80
0.997487181183348,-0.0375004141609003,33
-0.596117758829406,0.799341410121862,61
-0.92345188497492,-0.255119005337175,64
0.993410416081282,-0.0740502933214602,47
-0.10660257408906,-0.148826915834267,63
0.999999994821955,9.97886690436753e-05,2
0.999995257014673,0.00302011636305968,2
-0.152348818863548,-0.818388502150971,75
0.168917619051631,-0.761638607926838,57
-0.99605015135361,0.0723684486766362,51
-0.259569950045396,-0.423589480522511,52
0.312099007590597,-0.461140868785452,61
0.0992773972637287,-0.869804398431042,53
0.00645413172077153,-0.0666989188073151,50
0.0289609278319586,0.219935617097328,66
-0.491987818733101,-0.433916803021115,60
0.866549458143607,-0.437901441876883,67
0.0168254488408274,0.136449788611903,61
-0.865664223180523,0.496110658591406,75
-0.00905927356325387,0.0664356105109887,56
0.344692098541914,-0.846605805520829,77
0.00530618507652736,-0.865346744390244,70
0.195230067516009,0.876881437460579,71
-0.524803441300223,-0.021316579264907,38
0.968813185321549,0.242273972429931,54
0.864086705394752,-0.489807196531228,69
-0.96585720427748,0.24639648671845,62
0.124486492066923,-0.0100812620721935,12
0.597497233506778,-0.744378326235046,78
0.999991962656252,0.00393145836329574,2
0.70386350763757,-0.0056361641701646,22
0.878067897763204,0.44888068624001,68
1,0,1
-0.221786904950161,-0.783927184402106,70
0.903920596368192,0.424542463498374,66
-0.125054920977601,0.0044706023359341,28
-0.263056213588747,0.757294361014039,61
-0.0278570877556864,-0.0101953293721778,60
1,0,1
0.999995160397649,0.00305072186179439,2
-0.541304450571793,0.112188129401852,62
-0.235928938570323,0.182429657514965,60
-0.135837918146091,-0.354076448967122,69
0.995252995687262,0.0601329778426039,42
-0.987504255415126,-0.042454845383286,44
-0.986783206135767,-0.056097333458029,47
-0.98519354430892,0.145411519312105,27
1,0,1
0.98369969281164,-0.172156133160528,47
0.864073417251391,-0.500557068496602,69
0.23190763862997,-0.422026210870676,72
-0.144346461822181,-0.193959128510885,62
-0.0421788295102264,0.115032601926063,59
0.906826815792612,-0.418359999636384,66
0.66312369032859,0.697362651356552,77
-0.000364397144026696,0.0613886545130443,57
1,0,1
0.999999040075581,0.00135867860998214,2
1,0,1
-0.284550664598289,-0.172731370676775,66
0.0206732416169033,-0.230606765198373,65
-0.00775830680318446,-0.327942816014247,69
0.998004463963132,-0.029227031624365,28
0.997894423748487,0.0322679688586369,30
-0.0254263391057213,0.0915227608826079,54
0.88739552885468,-0.311565300663714,66
0.078008414792311,0.269028573429858,65
0.00921770593873183,-0.719030259242564,73
1,0,1
0.748104163181426,0.577618065958775,75
-0.129815454880634,0.827568037662853,75
1,0,1
-0.0515031061593159,0.985728924650754,50
0.467968667576818,-0.88215068734536,79
0.00922371836828018,0.719037217470877,73
0.411560642849016,0.0418875142581777,43
-0.270881606718595,0.141669709700911,65
-0.983743606161636,0.141109949802059,69
-0.429878086344434,-0.0031267564013564,19
-0.720909548324406,-0.418196387143275,71
1,0,1
0.763714842375143,0.628438282400414,76
-0.4140403248317,-0.100051875800508,57
-0.189513841383316,0.182888908355752,64
0.785121271261139,0.616807652919472,72
-0.0457649683617373,-0.118306518870332,59
0.990966598136615,-0.121628033445424,41
-0.0328764902402393,-0.857710830911173,74
-0.177074466565148,0.588412630501754,73
0.989853943471031,-0.0936839239217169,50
0.0504114099229036,-0.107584129423418,56
1,0,1
-0.914163575464442,-0.399598621610309,72
0.999999461333502,-0.00101779016347432,2
0.999998116618663,-0.0019031246922934,2
0.807958378838386,-0.550962963055422,70
-0.00985235103165932,0.0324190486539442,54
0.709669000400514,0.702660190704108,78
-0.0653012967916279,0.13576956428454,59
-0.696831625985933,0.715010565405453,76
-0.369905875224376,0.133922768622935,66
1,0,1
0.990421549850787,-0.0910458874547805,50
1,0,1
-0.072033896137772,0.141834144417423,62
-0.289098202359461,0.955519903103075,75
0.830730737075887,0.37201696169978,73
0.281554524061287,-0.867591108750245,76
0.708450444649248,0.452904332178186,74
0.999999976436266,0.000212872900645772,2
0.999999841510647,-0.000552075348813513,2
1,0,1
0.801320269711276,0.595776542937235,72
-0.984416782049419,0.120297865454273,62
0.993268807078986,0.0749863775612893,47
0.0895946705909201,-0.0423811237807397,49
1,0,1
-0.17528044472228,-0.743682792395032,66
-0.181712856996126,-0.182205276040545,64
-0.105472389855139,0.158468879646586,62
-0.187528121039719,-0.980980127316649,76
0.0414727491988099,0.18612325388038,30
0.557587952043169,-0.768645542126478,78
0.626787120270521,-0.0237659056319284,51
-0.0213886455037827,-0.082651492817633,50
0.964619520450325,0.245162526941678,57
0.999997576026459,0.00215904646281594,2
0.0141844710832021,0.0983966121600152,58
0.711693689686798,0.609262223013551,76
0.932573694575124,0.317320445223946,63
0.961565847412644,-0.269843422566668,57
-0.392767911143809,0.91810389477752,76
-0.807613070448782,0.576500527786582,46
0.999998814287595,-0.00151003799302971,2
1,0,1
-0.173246078840988,0.983508259653202,75
1,0,1
0.0243897356052479,-0.148675610989615,58
-0.282609851426246,-0.173223857426852,65
-0.384419564083037,-0.128450557966395,58
0.982765930927779,-0.173912630388185,48
0.771496715544686,0.41781307521263,75
0.951571640681659,0.296891621440025,59
-0.730422840364708,0.436941359165209,72
0.970155046608291,0.22466971688563,55
-0.00168668558965374,0.0461658709859412,54
-0.551650586525245,0.147448201741252,56
-0.950238930967128,0.300562422751352,71
-0.184408696600978,0.384922147569967,69
1,0,1
0.464950500784465,-0.741449619323124,75
-0.0564454137954003,-0.00784157089855331,37
0.962650057583034,0.183833296354667,58
1,0,1
-0.289111637831652,0.389510037957076,69
-0.959844603212975,0.267690016177734,67
0.771489776773252,-0.417822926026686,75
-0.376180293279148,0.431818364759426,62
-0.0104137451069835,0.0103050432640545,57
0.00243145980436449,0.0316258762994893,50
-0.0903269363541707,0.841619277667796,75
0.997388145957751,-0.0390786005198542,34
-0.116529269908999,-0.99092868975604,69
1,0,1
1,0,1
0.816599747752211,0.539976111414902,70
-0.441415758460131,0.895233213007702,72
0.716221304584835,0.695884963120399,78
0.496380622281125,-0.498972392614312,68
-0.0251793551916972,0.343283542703656,39
0.757970963745919,0.650061156130989,76
0.731801833534713,-0.679423315342672,77
0.218554825523385,0.875401846856783,73
0.0166038435338925,0.137447529889866,62
0.0785425003087221,-0.0242994188897481,41
1,0,1
0.94301283646389,-0.328793461974574,61
-0.0347489686584301,0.697322575083251,72
0.881514099399835,0.442675915436686,67
-0.190897509136555,-0.00880019729778453,3
-0.139616337489487,-0.187768066733411,44
0.948137982340887,-0.29707792760715,61
-0.989789835493711,0.126131897614882,56
0.990940681751687,0.111223151909667,43
-0.285400765742681,0.561849035353348,67
-0.533441956624237,0.709390095007735,47
0.986164034070297,0.149289363921694,46
0.941559789976872,0.315159467288892,62
-0.254063018991895,-0.42193642768556,52
0.991969677907885,-0.082888061597523,49
0.773080088262594,0.593700242066082,77
-0.536341061134331,0.835504669638892,53
-0.435839006524553,-0.897942129243111,72
-0.437555146224235,-0.897115419060426,72
0.609323308680793,-0.736602982886929,78
-0.9250506259274,0.372960540166811,74
-0.135333024521523,-0.825384635192195,75
0.944743945881832,0.000399444761051027,3
-0.695402019572693,0.201752594731624,56
0.9824036114335,0.179651365512288,48
-0.563301906102735,-0.229562588808607,58
-0.017519815385717,0.0628040658260954,58
0.932466763084996,0.245374731359468,61
-0.306753070375525,0.165873147143974,63
-0.248652845379751,-0.181203357297848,62
0.642208200237792,-0.477918915031028,75
-0.543883080109862,-0.378097945183519,70
0.758524325224305,-0.425979452626501,75
0.954419108046833,0.293849386603487,58
0.985544867536085,-0.112866838140921,52
-0.412255022775855,0.103389722994967,53
-0.0951746806077885,-0.992517024285368,66
0.00355647201321929,-0.0811463455851479,56
1,0,1
0.171284755465059,0.376286859084199,65
-0.562633039575987,-0.27052763508496,65
-0.357556249578992,0.932605034230367,78
-0.744333339100716,0.665017803210079,76
-0.998281992630427,-0.0169513893405557,36
-0.0842780043652023,0.147690030470504,54
0.971936861809739,-0.217852780028859,55
1,0,1
0.734501957012343,0.676511463877667,81
0.973977907868045,0.152744664693252,55
-0.233818640124744,0.182324485876486,57
0.819534903229306,-0.570415578823858,71
-0.00527320655783886,-0.031260877742428,55
-0.154298831342207,0.817424391872593,74
-0.00319046551515928,-0.0526485199705072,56
-0.0115518992453546,0.0417235505569419,56
-0.989570848494029,-0.136493462442482,57
0.977208146646411,-0.184224095467586,54
-0.545652000189957,0.104160345486153,55
0.859001373109769,-0.509122094567054,69
-0.0783336847180745,-0.84539159506502,75
0.0413488174210639,-0.994424242279766,62
1,0,1
0.791874461160815,-0.533505141990561,76
0.473850667871986,0.879004572471651,79
-0.526675232548879,0.434179593285424,72
-0.114607181744717,0.340266054758112,69
0.351024928805156,0.475962566321741,68
0.954159952751729,0.203380075220622,59
0.986861990085636,-0.15333822953686,45
-0.174813005965201,-0.983222806911716,75
0.966358543022939,0.17425351111983,57
0.913070331520721,-0.276682551225384,63
0.463361422340808,-0.858192072385962,79
0.653383112358796,0.704914460573931,77
-0.217369721211565,-0.183416775874494,58
-0.570719446561925,0.818164876132077,63
-0.682477489936786,0.430129280649451,72
-0.0666830918875699,-0.133757004113939,58
0.9999968394968,0.00246533580932369,2
-0.499302182578781,0.0339803916250647,51
0.959623783861014,0.190859395734078,58
0.0185577890290903,-0.0085096026357791,22
-0.0882755884804934,0.842278900009041,75
0.0405395989327684,0.0865863565124636,59
0.999992435622684,-0.00381402956272032,2
0.291253422846695,-0.954792163673242,75
1,0,1
0.994695121087659,-0.0894134149974772,34
0.21793721843928,-0.875466339634611,73
-0.0993333201958836,0.435347885913283,69
0.230821371439173,0.421329631691401,72
-0.290889416591862,0.170826792448704,66
0.991561968808059,-0.118501455611446,39
0.671624471067412,-0.720619430818752,77
0.776014273887752,0.590182220064346,75
0.98121007069833,0.176488214630158,50
0.0315751333687627,0.868836967121339,65
0.535478188954628,0.780993171465654,79
0.205163963211072,0.86318597181031,71
0.244726211497623,0.429725470533972,72
-0.0234366729634983,0.0314951548915376,54
-0.187354322513314,-0.0332580957824553,53
0.313744489236318,-0.461971848994345,62
-0.55644537583245,-0.306102882301468,70
0.999998342077226,0.00178558400635055,2
-0.137242106876296,-0.29885620472735,69
1,0,1
-0.0266133604403012,0.0356414116017373,55
-0.576095336183851,-0.443715318866486,71
0.728815296836246,0.442748006347996,75
0.115433431403147,-0.991198523100206,72
0.00161550229867724,0.0218865973477543,41
-0.973842561566548,0.0422534075896459,50
0.397169649780403,-0.838356889368501,67
-0.325740844980177,-0.160175374191699,60
-0.934953324853618,-0.351175351260622,66
-0.0952238954974312,-0.153140834906656,60
0.00272464026100028,-0.0316239555343836,53
0.981614945033399,0.174596907605406,50
0.984914795504141,0.165169421464528,46
0.00858807315329807,-0.0493581954446343,55
-0.977387386901545,0.0648842420464361,49
0.0807176041374152,0.274030150616891,67
0.930582056405831,-0.343024892455055,64
0.559701632660124,0.495357600891441,74
-0.162919941799703,-0.813803973485796,75
1,0,1
-0.254580462279581,0.965778865753676,77
-0.883111561294188,0.464815123885968,74
0.0440611600726043,-0.209378123748083,65
-0.0379162115583455,0.0366165564855263,6
-0.405046614336518,0.635391737298144,59
0.984657937183678,-0.116234621646666,52
0.933463460251693,0.355164087192554,63
0.000123502572413725,-0.0482232125617939,48
-0.943149239805201,0.325834876500459,66
-0.669257108072968,-0.55301868645292,55
-0.145305282631109,-0.175486886707567,62
-0.90052147050447,-0.285936505248746,63
-0.766763904142153,0.327473083404489,67
0.462061534383649,-0.885258715903609,79
0.203860425450731,0.402998960741447,72
-0.0891861622892584,0.0359195571484981,41
-0.402860412849016,0.636236984302846,55
0.0385853317197764,-0.0172838841954641,45
-0.234426950234885,0.68542902897536,67
0.965602313861564,-0.227861320194791,59
0.177388608286729,0.982366584327519,75
-0.975521906494153,-0.0463199044040577,44
-0.560922528304388,0.189224865298256,61
0.036300833395932,0.0492430366172221,48
0.955640144001109,-0.289910743119874,58
1,0,1
0.490033077691161,0.803523535272221,79
-0.535769235074034,0.0642859444144746,50
1,0,1
-0.00216650129368501,-0.258741029874905,65
-0.0458105927783944,-0.110722585989299,60
0.664359044448566,-0.694454726220945,77
0.997330685576305,-0.0508455260406725,23
0.0717767317342816,-0.0329064210293074,62
0.0684264202239015,-0.247622020355056,64
0.413067343956758,-0.49125135294623,68
0.999997254456019,-0.00229779995570962,2
1,0,1
-0.597439829459694,-0.31813596250923,70
1,0,1
0.313548679556766,0.462065848119737,63
-0.14367243632497,0.768525275162444,74
-0.971624649102331,0.217261544107242,71
0.875492912101636,-0.453219543341127,68
0.130098466554536,0.989516393847999,73
0.129544057375137,-0.946970396399563,70
-0.804260078063549,-0.587888296320631,55
1,0,1
-0.933596194853875,-0.353840962557699,67
0.91827351323062,-0.268512066273364,62
-0.299298676031622,-0.22278887169587,63
0.432255650205942,-0.493698075499072,63
-0.00959470002517548,-0.0232074693696989,53
-0.0892002781043393,-0.124027683261538,62
-0.546088661179941,0.370372739090653,66
0.999998351360046,-0.00178057819201378,2
0.999999742914349,-0.000703132573452359,2
0.00554878055133257,-0.0531369198430116,49
0.0210085362628646,-0.146417385218311,58
1,0,1
-0.212645426473526,-0.69937956594928,46
-0.108048307104074,0.0865364474775116,62
-0.272523416239188,-0.745771026050936,51
0.373675096944655,0.481934297675886,63
0.611512541323482,0.486123706412671,75
-0.0939294946518261,-0.00223136368165977,4
0.941594890174047,0.326322922201717,62
-0.972175189604877,0.2144150256374,61
0.456590664787673,0.485481569045911,41
-0.234796382990143,-0.970796401441817,77
0.664158971705836,-0.696545033408111,77
0.981535199051147,0.174971166927929,50
0.701497175108216,-0.455030676139824,60
0.999999983188731,0.000179803678911231,2
1,0,1
-0.150041601932258,-0.0110846289629112,55
-0.45255702078868,0.785128544127744,64
0.479539502222507,-0.0379545615375383,42
1,0,1
0.350923563172421,0.475930838648398,68
0.714859374128645,-0.449719847341403,74
0.0551028375840447,0.0172697949759031,38
-0.0290605527854507,0.858504052536858,73
0.720726062189047,-0.446928087461056,75
-0.985587597343103,-0.0594465427289085,48
-0.980303972661294,-0.0499971983577472,45
-0.18159956384389,0.182195660593848,64
-0.132921495467347,-0.352103150543748,69
0.974866274685393,-0.205411441448509,53
0.994449894109506,0.0870003543515411,35
-0.154383890738369,-0.177766774389595,63
-0.982075781169487,-0.169297547912728,59
-0.585923984103638,-0.665863279209311,74
-0.799727013313859,0.378453851954619,66
0.981872050556332,0.126892558565828,53
1,0,1
0.99999410727184,-0.00336632356915226,2
-0.482202891602639,-0.0182478295002899,34
0.120715518892499,0.323120754900373,65
0.86272787447862,0.340719809349316,70
0.939132695452091,0.233725350453907,61
-0.786615515313987,-0.00252478144135299,18
-0.457701075355511,-0.886802530540549,73
-0.54070182055146,0.538808566409457,72
-0.0950468726899361,0.839962918993775,74
-0.154825256359214,-0.177864571469876,63
0.918771717161354,-0.391550361742876,65
0.049345370124996,-0.220142907462306,66
-0.527538186952095,0.440530711793844,66
0.0137233304686501,0.0989362059688077,56
-0.29973227720687,0.952456208685367,75
0.0156891393349246,-0.109227619782396,57
-0.0134213125241846,0.0499204831716632,55
0.043944152614752,0.208769225137005,66
1,0,1
0.0753519135385725,-0.138327146038703,53
-0.714646060174395,-0.420431482844897,71
0.373921087541242,0.482516087394095,64
-0.924390332542004,0.0144357489416221,31
-0.551620226205622,-0.442940739922988,72
-0.116558044333385,0.0904613369739877,56
0.892750537295219,0.422603297270006,67
0.999998341925709,0.00178566559608358,2
-0.413601976612277,-0.106864892960166,56
0.0772727249914458,0.267488821478407,64
0.0502335859378803,0.221511157038848,65
-0.956207905970541,-0.288491586892762,64
0.964747845656438,0.25301041369743,56
-0.0760962202255575,0.144456946217544,61
0.0860753366481796,-0.119792244963899,58
0.999998487282706,-0.00170559942589368,2
-0.320243625944734,0.364228819086392,69
-0.981052279403758,0.157535679926527,66
0.0393054933905943,0.212627238637533,66
-0.0806107581501827,0.00801699753492091,35
-0.98340967341874,0.0828153414848219,53
0.0110646556579062,0.0786371364267656,56
0.958968336459522,0.278704682543922,57
0.00812180039560384,-0.0374089021994596,55
0.603912350327283,0.740194844509754,78
0.0110956478052952,0.0861958992219377,56
0.000713148241167361,-0.0542532179419492,51
-0.886287111483726,0.458759251272173,74
-0.425451683995317,-0.0886611632720408,58
0.884904747525217,0.31468514226847,69
0.207861195651277,-0.405741790462377,71
-0.947352115408551,-0.31017263038639,83
0.174216165676199,-0.379035190596651,67
-0.874965482552755,-0.479481087147135,75
0.0109620518486707,0.118133654761622,62
-0.466406927252001,0.555374280783354,73
0.00222294610786317,0.0363991336540778,53
1,0,1
-0.983530884632218,-0.0764701010221025,50
0.00126444508258572,-0.0751177412879147,59
0.392624097031878,-0.487114925307934,68
0.407958077272984,-0.835871390041929,69
-0.485762655186432,-0.870694037411504,65
0.223650228594112,0.416724022920474,72
-0.960663346285619,-0.0368073572749813,43
1,0,1
-0.139665769467533,-0.35713676698117,61
0.216657948989683,-0.974550449804834,76
0.926074241540159,-0.373941540759093,64
-0.971412953478311,-0.220136844002173,70
-0.249238790741908,-0.180428533554256,67
0.869486922375817,0.333178868350913,70
0.99746446226349,-0.0480057041426375,22
-0.0664140287987017,-0.135746818432962,57
0.0833067365585524,-0.278198597366161,68
-0.922602317100876,0.378520066460183,74
0.375935436729703,0.924811198317802,76
0.97682436792899,-0.197354209661587,53
0.917948590039672,0.393478329561542,65
0.44182053402828,-0.494209967095506,59
0.965531218972567,0.227758540001711,58
0.0397872558909278,-0.186973988567621,62
0.250882004035913,-0.966419768395168,77
-0.0303353917117055,-0.100069474429016,57
0.306643559049901,0.458310142237255,58
0.246742696842449,-0.430884922127138,71
-0.044739965604584,0.854873033988884,75
0.25468867574741,-0.871576381227356,75
0.021450606138034,0.130420198163466,60
-0.95740367018318,0.0130470830092829,31
-0.251516641232641,0.094254195923496,55
-0.399060929437676,-0.530998794747191,22
1,0,1
-0.387948387318997,-0.400546883906649,63
-0.254163483461985,0.473427164292121,70
-0.905511637735925,-0.416672915526133,45
0.99781697462966,0.0407816258188227,19
0.0728336117110244,-0.859838299568905,45
-0.557853520032506,0.293659848721564,68
-0.00239295698632414,-0.0354285228513296,44
-0.378416840159472,0.924225912686337,77
1,0,1
0.98038492789585,0.190218544785531,49
-0.473046439320598,0.878560986260236,69
0.0414539607757818,0.190893821413774,62
0.833610228074844,-0.537536615941538,70
0.968111410459176,-0.232484531987897,56
0.965025420589312,0.17756044285671,57
-0.55496963564996,-0.316186621231575,70
0.277555441477331,-0.446718041441113,65
0.991907805980122,-0.104160212607118,42
0.0148850374655682,0.866746053954174,68
0.862612897444496,-0.340706236433146,70
0.000804297384241204,-0.0392232538575427,54
-0.160335930013937,0.00108204867192718,15
0.993681338359815,0.072089696911342,46
0.788193107083885,0.406270577488636,74
-0.0196122574700643,0.0697632360678298,56
-0.962873911418568,-0.0272367472538782,39
0.652179604132592,0.70583221769288,77
0.973302867531761,-0.154597264349336,55
0.365140457907724,-0.480192107036209,68
-0.0130265647411175,-0.708653168662976,73
0.129958150469808,-0.874421625742277,58
0.851252680804157,-0.522097725400819,70
0.874287361648112,-0.327621938533005,68
0.931516805961104,0.36014217982554,63
-0.942486836196638,-0.324903714591667,65
0.30438061016078,-0.456235800718544,54
-0.358824239718262,-0.144140679446534,59
0.752913374765525,0.429338263464761,75
-0.0306742139425144,-0.0121416745918459,59
0.407388223571832,-0.911600144763422,78
-0.75397673461254,0.653979708908667,76
0.000430601573830069,-0.0249812214269519,41
-0.481450241730649,0.873587970016026,67
-0.0291808366628082,0.100237066271119,59
0.9999974930312,0.00219569749318686,2
-0.0436201874062065,0.380784173390979,67
0.930582771389024,-0.342883358692813,64
-0.00112984673360367,0.0345395838895576,45
0.776592511053758,-0.589509596157955,77
-0.298886544947753,0.533994964975775,71
-0.961161610099061,-0.262962966635893,72
0.952862507852612,-0.299054636415153,59
0.439600466283664,0.896626197050297,79
0.989823580525704,0.130189121678354,42
0.945611856988636,-0.321419938572812,61
0.00309344633294967,-0.0250512748539967,47
-0.24378637653859,0.00206924267178255,19
0.0484248632338365,-0.129258204929466,46
0.999999786910925,0.000640145793936819,2
-0.942479617016092,-0.324775991969986,65
0.509657049007462,0.794202341085106,79
0.578700136408492,0.492575975414378,74
0.762217534079624,0.605619760814687,78
-0.131515276192765,0.98941886406164,71
0.502699380637012,0.499004385543104,69
0.914755105213986,-0.273739874667618,62
1,0,1
-0.984482528284788,-0.0783375848288829,50
-0.000600775614521154,-0.0499707791378263,50
-0.552593498838959,-0.128818887528835,57
-0.358708485386632,0.545212688653801,72
-0.516700373460009,0.488256481894775,13
-0.526579768214967,-0.0706385435875876,58
0.688353502703291,0.723458608151648,77
-0.983680830240161,-0.163312075609876,59
1,0,1
0.00716318640360453,0.0508478750845139,51
0.615548065762153,0.732397875087901,78
0.011053396891045,-0.118123579352614,61
0.156686101968001,-0.761398044576834,62
0.978616996598211,0.138209186878913,54
0.999999957273711,0.0002866460146801,2
0.150543164196865,0.760824312605875,64
1,0,1
0.999997209975755,0.00231633835117236,2
0.833623978864603,0.537530981815151,70
0.742531822343175,-0.651992888967885,76
0.286330126393179,-0.449883352369188,57
-0.782446646189975,-0.620337308289317,76
0.396503478142493,-0.48796613946067,68
0.964281516883611,0.246256863224004,57
-0.995308037378364,-0.0847111132019975,46
-0.727238958594539,-0.444683219548302,73
-0.227464327419956,0.00063748957733617,12
0.864725703613732,-0.470447522999912,68
-0.235837180158995,0.415237128571837,52
0.646167387512817,-0.0227081137915721,37
1,0,1
-0.281431093710043,-0.168443240470196,66
0.889737162933405,-0.453655091127803,68
0.17332205597587,0.983101215651464,75
0.999992499338194,-0.00379793268120006,2
0.999999718243337,-0.000736097585648547,2
-0.00369702810106776,0.03524733774158,51
-0.460861874674636,-0.0623730206238661,50
1,0,1
-0.863119505410215,-0.350873281667015,73
-0.983504606996871,0.0855346094484178,55
-0.32244144347665,-0.161123801651582,60
-0.346437387198819,-0.435922194281313,69
-0.245679600961193,-0.768595778030333,63
0.0100748885821098,0.0939198162710322,49
-0.883906095032525,0.463423739010775,74
0.674429801115041,0.688313832472566,77
1,0,1
-0.0812204620447246,0.663192496931523,52
0.56256789134206,-0.0318720560067111,40
1,0,1
0.238447842488009,-0.42603262849528,72
0.77519313049102,0.415387405068068,75
0.429746685619828,-0.493487394042124,64
-0.226500578502479,-0.781135948953503,69
-0.0898399409407212,0.324020566032816,67
-0.290338721210633,0.197042618694879,65
-0.412667582385695,-0.628576728226149,68
0.147990388089649,0.352532078741843,66
0.0657210167612233,0.00619892691700558,30
0.0222648740027177,-0.035798843445153,54
1,0,1
0.994210331066137,-0.0945134379543556,35
0.718125517807793,0.694000004453693,80
-0.316398365946261,-0.163582412736051,60
0.447659926184864,0.74676838512513,78
0.978168376099599,-0.201048716468604,50
0.66828586681138,0.741993849991907,77
-0.282279788705602,-0.173342535185299,65
-0.941994747830144,-0.331933722339977,65
0.957761448328134,0.000371909859954417,3
0.995299508072285,0.0780385031584741,33
-0.442167600705088,-0.415228135646847,66
-0.597064927627497,-0.652900108324493,74
0.968653498230398,0.167833975759142,56
0.992457682850823,0.110494198512451,37
0.932386134121717,0.245511157067967,61
0.0907552774965029,0.288830330546569,69
1,0,1
-0.130566295834799,0.28426801230365,66
0.0738660603676467,0.258698419434245,63
-0.55485623988557,-0.318278240342795,70
0.032694713764297,-0.993860926835967,60
0.834682518717714,0.54797618585256,70
0.995404624670309,-0.058954024557336,42
-0.970043760461757,0.232716966208197,62
-0.671530023125803,-0.739017793327982,75
-0.137000828024966,-0.172946270531411,61
0.280643199352715,0.867738785606939,76
0.582841282714399,-0.753635777923273,78
0.810653192915477,0.38916139818237,73
-0.867059934758789,-0.494217583598268,75
0.076059776405752,-0.994234694026738,68
-0.032005221313784,-0.0252206791025754,47
-0.0251231846444207,-0.350692760626269,49
-0.980446034012402,-0.0684871180100129,51
-0.00916174332667413,0.0664050722742042,57
-0.99769126835475,0.013247819856222,3
-0.66637181913525,0.743508424236955,72
0.670720116072564,-0.739797078595738,77
-0.99565143456508,-0.0711083453065551,26
0.400390757004884,0.831098788912079,73
0.956759848778423,-0.286308888273884,58
-0.0560570503399602,-0.0762928808422347,59
0.977644518853697,0.193468064514245,52
0.0427659615814481,0.196785524834071,61
0.631716874878255,-0.480954902765512,75
0.00193926532353522,-0.0356205418124364,54
0.430750095852327,0.826600289667186,63
0.101286239064641,0.302430015912112,67
-0.535599152278795,-0.0930449415674758,66
-0.198348657536363,-0.978832818123982,76
-0.210226231812252,0.305145337901245,12
0.981644449720651,0.127673097465759,53
0.769494282860942,0.419108176294255,75
-0.00878368141292374,0.0232244814293286,52
0.999999937345878,-0.000347114812224115,2
0.369412605850113,-0.480625060025937,62
-0.0216542941166064,0.0889965897592056,59
0.0119600168339865,-0.120208768546825,60
0.761104530282357,0.646333298359032,74
-0.364827399720906,-0.434363862721235,70
-0.254636988944669,-0.656630419505561,71
1,0,1
1,0,1
-0.00241971142035657,-0.0510302241537138,56
0.987383394131306,-0.104969715943704,51
0.155266716091448,0.360197016383682,65
1,0,1
-0.557454819157565,0.296121129207949,69
-0.554458930257647,0.33904184986928,62
0.919058108814948,0.346778312565503,65
0.0622855083613552,-0.16736756431249,65
0.530733670778988,0.845911889420747,79
0.999999545442455,0.000934959312727924,2
0.999998359827096,-0.00177599998206025,2
-0.98084297056033,0.157037801264224,66
-0.94550637301538,-0.316186108136657,72
-0.87143646218116,0.486345641905646,76
1,0,1
-0.369199791421512,0.928062311380563,78
-0.0427950223078511,-0.976309460146665,44
-0.39334761294127,-0.648255213304789,55
0.528247351890371,-0.498151015017593,72
-0.543789377759768,0.378095500451106,70
-0.789065681748664,0.162164098313846,58
0.905544137156882,0.397849711250208,66
-0.268064395860554,0.423801852258265,48
0.0577025486684533,0.228801216954874,51
0.644040652865933,-0.711951287102406,77
0.274408129868611,-0.445161872975969,65
0.992036740068734,-0.0825431324771557,49
-0.41508124406844,0.908142470431405,75
-0.275873388861042,0.149122742878751,56
0.801911720726807,-0.396212843834113,74
-0.764994926721003,0.641300489825582,76
0.0826456534091199,0.277167238275065,68
-0.730880588365572,-0.68030962653392,77
-0.530922295092948,0.420266660145977,71
-0.0226454752855723,0.00411407259683183,3
-0.729697538750026,0.126853606601896,54
0.833358184792426,-0.48414656286965,69
0.459651753531707,-0.45545127711732,28
0.228798919183866,-0.768995545561286,65
-0.295813024142739,-0.169257275503888,66
0.0265017910189559,-0.166897855040433,64
1,0,1
0.996085267358096,0.0533022138798538,40
-0.400326112743678,0.39950349117004,14
0.628384248300925,-0.481869661684844,75
0.0350327064627988,0.180509335553198,59
-0.121557070080582,0.990522136175145,70
0.125476871281747,0.00383694472462648,22
-0.25168119260275,0.893388106463852,76
-0.976697142930789,0.0435605721677248,51
-0.0872275390001809,-0.121341507029482,61
0.662328994801693,0.471461742956283,75
-0.135846265570271,0.172762101060049,62
-0.102614072186709,-0.143122591259554,62
1,0,1
0.345641533197243,-0.936965798003427,71
0.21917740660008,-0.875352839224725,73
-0.00954327563971064,-0.0297205747232351,53
0.989211406659898,0.130602629122706,44
0.76089265737477,-0.646686626882072,75
0.010180545391942,0.00914696281524952,37
-0.0861856682276582,-0.148923373650502,52
0.479691878465251,0.875832215684864,79
0.432240128492129,0.493702978963822,63
-0.0121908582945073,-0.0105256208177459,54
0.394501174512474,0.759398745730846,78
0.554470033759479,0.49588984045189,73
0.896601365571664,0.299558911630221,64
-0.00545444531251971,-0.0106721428819276,56
0.999999462086288,0.00101707873500473,2
0.962781573029962,0.18352093158081,58
0.86665194645309,0.336329738510936,70
0.204057836820063,-0.765895254615867,57
-0.293866261699987,-0.169846039491089,66
0.864087385609161,0.500552446067219,69
0.890558510430711,0.307816920167407,66
-0.494012976755241,0.753247660058467,63
-0.762484757990684,0.644210390947907,76
0.983114720645823,0.175368945110529,47
-0.981135927571855,0.158263101585379,66
1,0,1
0.990090923146645,-0.130278080898914,41
-0.414261802834607,0.100128357269253,65
-0.986957340426384,-0.141922756545122,25
-0.0192261200639586,-0.860746187079,73
-0.0530601680412053,-0.0107831459756531,38
-0.14393867311446,-0.62110817186141,72
-0.154705384252532,-0.0087655168690377,11
-0.496557799085203,0.86366149607619,62
-0.997431002624735,-0.00474286070180931,4
0.248942628831829,-0.432138230568695,71
0.864884535505709,-0.338263250109042,71
-0.278577492679383,-0.947875202835685,52
0.547120459893587,0.835425092307822,79
0.874079547402503,-0.483061949456181,69
0.999997602789297,-0.00214709449344118,2
-0.00333013659759268,-0.0449784748624198,57
-0.0869772602369507,0.0344335029254477,54
0.638411568281927,0.767768119780373,77
0.933305634529394,0.355570589132726,63
-0.738212491614748,-0.120657430465526,56
1,0,1
0.994904367162855,-0.086517954885816,33
-0.00299873653836991,0.0469491484579834,57
0.971459234077244,0.160357231579943,56
-0.259705793911466,0.964410355982146,77
0.99289622821472,0.077020010669121,47
-0.281963489311758,-0.680112304465858,29
-0.224085445884381,-0.69698338469375,62
0.522462271993347,0.826986019123745,79
0.0957463245118433,-0.295791389448484,68
-0.724183175067913,-0.139112123496689,66
1,0,1
-0.928440365372775,-0.364668723701042,73
0.999999076966406,-0.00133231518091684,2
0.344549416224869,0.000322751141137667,5
0.995946427168329,0.0703096416746642,31
-0.301400794488415,0.272831536540046,66
0.15270183830899,0.986396712679353,74
0.621416210050126,0.483695160179641,75
0.999999619318679,-0.000855616337427254,2
0.991775524051362,-0.0838779772898578,49
-0.84074710912631,-0.004359304086267,22
0.996757271976654,0.0600847318436053,25
0.0260089975328945,0.726005015079876,71
-0.556299660259655,-0.305016308402602,70
0.066663790883748,-0.867253555900117,52
0.164438066392069,-0.368336619538798,53
-0.229759431003051,0.00489952260904419,12
0.277788978510531,-0.86822275427431,76
-0.131182166997004,0.171087999150447,61
0.999997917125106,-0.0020013805858056,2
0.22661568883464,-0.935305108372741,76
-0.249286054792419,0.967164072926706,77
-0.0265642694927669,-0.970726501693936,50
-0.0235495155837557,-0.0915346843836098,58
0.860374144511582,-0.477722991238489,68
-0.219331213145959,0.409275245208761,59
-0.00512937741440944,0.0325490394521047,54
-0.559942362474277,-0.240778104626343,68
-0.0936351230912718,0.152086747052178,60
-0.974128018490083,0.0399004393765205,55
-0.0411075888203651,0.00715553178366879,37
0.688824850669939,0.460923821110501,63
0.429300525700032,-0.493421372652211,64
-0.0375414203128062,0.00314557038515145,23
0.980256138250597,0.187446391530796,50
-0.354377332531365,0.128668458792834,26
0.502527533701853,-0.797662379914864,79
0.970848135597213,-0.222005863979816,55
-0.128068941028275,0.828250007470956,75
-0.0699554708471032,-0.847908787198536,75
0.9325560362895,-0.317325901262388,63
0.00983869662249159,-0.0651832100335278,57
-0.830597442857118,-0.536208753227402,39
0.738813370830007,-0.437389475155131,75
0.99577785730301,0.055343987207614,40
0.992559969637959,0.10974676289079,37
0.963032389665264,0.182377283265927,57
0.993736425781528,0.098740839794701,35
-0.12189309940611,-0.177441931433564,62
0.976545472853179,0.204700751465479,51
-0.973691664796405,0.139097436619975,66
-0.461977337009736,0.0371998404505358,45
0.488243896748194,0.804343681855158,79
-0.0649328194141026,0.131454503012148,60
0.131231066221515,-0.334517956031002,66
0.97949564510834,0.194438442838102,49
0.442177087970452,0.494261508728332,59
0.0286294135968673,0.170181221141074,62
0.1911218079376,-0.876959972348619,70
-0.110357210703468,0.0130562608396912,37
0.579857386325801,0.492382332012772,74
-0.610263139757015,-0.78840745809197,60
0.126788644523822,0.989764934162469,72
-0.205917696957833,0.265556745927299,66
-0.714663729680044,0.697058604981718,77
0.0146471868270818,-0.114739150313267,49
0.232320716289102,0.00146103185225588,12
0.986406769835553,-0.109490239247497,52
0.00941746201283339,-0.0704692938880438,55
1,0,1
-0.0497209866494274,0.0115993546336488,38
0.177758022443955,-0.382233179115313,69
-0.98876833868764,-0.138759211610231,57
-0.102057405502231,0.04361075202964,48
-0.897649243230872,0.434625029961422,54
0.00347409691416795,0.0484658231123966,41
0.0185450900388726,-0.14379599482278,62
-0.97757635088127,-0.0586463946481595,53
-0.28538957841594,-0.541059252258679,71
0.929415777824222,0.324662732882656,64
0.187279016449373,-0.606510191610948,19
0.368158890632826,-0.480976841097842,67
0.997184363812224,0.0545933183746669,24
-0.549833073045473,0.536906382812488,72
0.995725782604594,-0.076963178221912,31
0.00836673545683431,0.105346173993662,60
0.174447449221464,0.862370486686579,66
0.178427799809079,0.942428784318581,73
0.999995981844007,0.00277978537163773,2
-0.527459654437008,0.037965921913393,45
0.371266228172004,-0.48043322963399,57
-0.485167119254181,0.871296742890104,66
-0.101228891079553,-0.0621570171422785,55
1,0,1
-0.475416527132815,0.540857492740019,72
0.999999905745989,0.000425743708355272,2
0.523001964514515,0.850706454483645,79
0.981617862316104,-0.127679056562688,53
-0.0900005036577555,0.150553206570415,59
-0.556644015479297,-0.00547690810170137,25
0.375093273123266,-0.480821303868086,55
0.395405153609705,-0.916888630089401,78
0.23551135245491,0.970135348947747,76
-0.157180936116447,-0.178369910614487,63
0.528905748475615,-0.78446276714634,79
-0.468016487450582,0.0525778572676749,48
-0.387700265931649,-0.430831037798992,70
-0.984997981622844,0.165475588026323,56
-0.551787330165217,0.153536372072561,67
-0.746251959550786,-0.663023284598749,77
-0.42726304263327,-0.611219292552665,73
-0.274743352282501,-0.615491671425846,69
-0.00955435462152071,-0.024843661405309,53
-0.703175454601068,-0.708817284808216,77
-0.534810983368432,-0.092797745669033,61
-0.960898135090158,0.264173876844603,71
-0.555297592043807,0.144753276961029,59
0.999998678167896,0.00159435976068425,2
-0.180149764672215,-0.739197344957712,64
0.993317479616105,0.0925438125382478,39
-0.935748063911653,-0.0114950361183871,31
0.043262001863587,-0.99474660501906,63
0.997348992152738,0.0388959011138923,33
0.539889379694831,-0.49737977599635,73
1,0,1
0.832197831002797,0.370792505483674,76
-0.154415501374062,-0.817506903430619,75
-0.532012303457031,-0.0857494540344257,55
0.899141295750474,0.296334892966646,64
0.978032156876888,-0.139972543048022,54
0.999997247399661,0.00230075085917987,2
-0.897877784834198,-0.306050800854563,72
0.0211857633311417,0.145121861737517,49
0.0340608864604374,0.0357418378800288,48
-0.116187932248056,0.127457539388226,62
0.9976194908394,0.0442479080703532,20
0.956657395886222,0.197465406543162,58
-0.979577371484769,0.170939440099861,68
0.0907502927157514,-0.288779547218371,68
-0.981678362906032,0.152798271052612,60
-0.684186653797387,0.727392795666031,76
-0.740908489427009,0.413812666296999,68
-0.162848030119344,0.813701880710028,74
-0.0501833294626171,0.85344926460425,75
-0.681916380799147,-0.729538726958962,76
0.99776280180061,0.0394986440732957,23
0.0359871142447218,0.181501386339895,60
-0.224948224086372,0.182458045532891,53
0.0850356480764285,-0.0347188277765309,45
-0.816379728267656,0.570637648122081,50
-0.429116779750001,0.0855026886638543,64
-0.981531263478599,-0.0216524014673078,38
0.869095065745049,0.491899258395562,69
-0.0741520643230082,0.807804789471408,72
0.0257542336050502,-0.0090071526953826,31
-0.0976875304394482,-0.0534727740930958,53
0.559560359670606,-0.767514832020273,78
-0.398534437282236,-0.00601435365176672,23
1,0,1
-0.521940143335209,0.376232047040809,70
-0.126293727829066,-0.190914408161104,29
-0.727185772603967,0.415821676413086,67
-0.047702637081288,0.120531709951699,59
0.112711589761161,0.310728866852369,48
0.422819815473467,0.823880479487367,67
0.916036768496744,0.375988864698705,65
0.364425804698659,-0.897786919707783,72
0.687087405763516,-0.462186358527366,74
-0.130570608224412,0.256466177067614,66
-0.981623597703251,-0.15940450896942,71
-0.0221804078390444,0.975154991712286,48
0.858322873579146,0.499289583016197,69
-0.971570142147437,0.223546288378583,33
0.533701130626923,-0.8440456584555,79
0.999999200376336,-0.00124005530799655,2
